{"stats":{"minecraft:picked_up":{"minecraft:crafting_table":2,"minecraft:andesite":4,"minecraft:tuff":5,"minecraft:oak_log":3,"minecraft:dirt":42,"minecraft:bone":2,"minecraft:spruce_planks":1,"minecraft:moss_block":1,"minecraft:raw_iron":16,"minecraft:sweet_berries":56,"minecraft:torch":7,"minecraft:white_bed":5,"minecraft:spruce_log":16,"butchercraft:cooked_pork_scraps":1,"minecraft:arrow":1,"minecraft:rotten_flesh":2,"butchercraft:lamb_scraps":2,"minecraft:coal":77,"minecraft:white_wool":1,"minecraft:cobblestone":190},"minecraft:killed":{"minecraft:sheep":1,"minecraft:skeleton":1,"minecraft:zombie":1},"minecraft:dropped":{"minecraft:sweet_berries":7,"minecraft:white_wool":1},"minecraft:crafted":{"minecraft:oak_planks":12,"minecraft:stone_shovel":1,"minecraft:crafting_table":5,"minecraft:spruce_planks":64,"minecraft:wooden_pickaxe":1,"minecraft:furnace":1,"minecraft:stone_axe":1,"minecraft:stick":40,"minecraft:stone_pickaxe":3,"minecraft:wooden_axe":1,"minecraft:chest":1,"minecraft:torch":100},"minecraft:killed_by":{"minecraft:creeper":1,"minecraft:zombie":1,"dweller:nightmare":1},"minecraft:custom":{"minecraft:interact_with_furnace":5,"minecraft:mob_kills":3,"minecraft:interact_with_crafting_table":18,"minecraft:leave_game":5,"minecraft:time_since_death":1407,"minecraft:sleep_in_bed":7,"minecraft:climb_one_cm":4245,"minecraft:time_since_rest":1464,"minecraft:sprint_one_cm":108345,"minecraft:damage_taken":3540,"minecraft:walk_one_cm":151051,"minecraft:drop":8,"minecraft:damage_dealt":1109,"minecraft:swim_one_cm":8071,"minecraft:fly_one_cm":132731,"minecraft:player_kills":2,"minecraft:open_chest":2,"minecraft:crouch_one_cm":2885,"minecraft:play_time":57725,"minecraft:deaths":12,"minecraft:sneak_time":1459,"minecraft:walk_under_water_one_cm":871,"minecraft:jump":1072,"minecraft:walk_on_water_one_cm":16223,"minecraft:total_world_time":57725,"minecraft:fall_one_cm":29965},"minecraft:broken":{"minecraft:stone_pickaxe":2},"minecraft:used":{"minecraft:stone_shovel":27,"minecraft:stone_pickaxe":282,"minecraft:spruce_planks":15,"minecraft:chest":1,"minecraft:wooden_pickaxe":43,"simpletomb:grave_key":8,"minecraft:torch":105,"minecraft:dirt":40,"minecraft:crafting_table":7,"butchercraft:cooked_pork_scraps":1,"minecraft:white_bed":5,"minecraft:tuff":5,"minecraft:wooden_axe":20,"minecraft:stone_axe":15,"minecraft:cobblestone":46,"minecraft:sweet_berries":43,"minecraft:furnace":1},"minecraft:mined":{"minecraft:tuff":5,"minecraft:white_bed":4,"minecraft:crafting_table":2,"minecraft:grass_block":18,"minecraft:tall_grass":2,"minecraft:cobblestone":2,"minecraft:moss_block":1,"minecraft:wall_torch":4,"minecraft:large_fern":2,"minecraft:iron_ore":12,"minecraft:sweet_berry_bush":16,"minecraft:spruce_log":18,"minecraft:birch_leaves":3,"minecraft:andesite":1,"minecraft:grass":2,"minecraft:coal_ore":72,"minecraft:oak_log":3,"minecraft:deepslate_iron_ore":5,"minecraft:dirt":18,"minecraft:stone":195,"minecraft:oak_leaves":1,"minecraft:fern":1}},"DataVersion":3120}