{"stats":{"minecraft:picked_up":{"born_in_chaos_v1:corpse_maggot":2,"born_in_chaos_v1:diamond_termite_shard":1,"minecraft:crafting_table":3,"born_in_chaos_v1:monster_flesh":1,"minecraft:clay_ball":16,"minecraft:andesite":6,"minecraft:wooden_pickaxe":1,"minecraft:birch_planks":8,"minecraft:tuff":5,"minecraft:oak_log":3,"born_in_chaos_v1:black_argillite":2,"minecraft:dirt":45,"minecraft:gray_concrete_powder":8,"minecraft:bone":2,"minecraft:wheat_seeds":4,"minecraft:spruce_planks":2,"minecraft:moss_block":1,"minecraft:egg":1,"minecraft:furnace":3,"minecraft:raw_iron":35,"minecraft:sandstone":79,"minecraft:birch_boat":1,"minecraft:sweet_berries":56,"minecraft:torch":8,"minecraft:poisonous_potato":1,"minecraft:sand":8,"minecraft:ink_sac":3,"minecraft:white_bed":12,"minecraft:spruce_log":22,"butchercraft:cooked_pork_scraps":1,"minecraft:stone_sword":1,"minecraft:arrow":1,"minecraft:rotten_flesh":4,"minecraft:stone_axe":1,"butchercraft:lamb_scraps":2,"minecraft:coal":102,"minecraft:white_wool":1,"minecraft:cobblestone":265},"minecraft:killed":{"born_in_chaos_v1:zombie_clown":1,"born_in_chaos_v1:diamond_termite":1,"minecraft:squid":1,"minecraft:sheep":1,"minecraft:skeleton":1,"minecraft:zombie":1,"born_in_chaos_v1:dread_hound":1,"born_in_chaos_v1:corpse_fly":2},"minecraft:dropped":{"minecraft:gravel":10,"minecraft:sweet_berries":14,"minecraft:stick":1,"minecraft:ink_sac":3,"born_in_chaos_v1:diamond_termite_shard":1,"minecraft:sand":15,"minecraft:sandstone":15,"minecraft:wooden_pickaxe":1,"minecraft:white_wool":1},"minecraft:crafted":{"minecraft:oak_planks":12,"minecraft:stone_shovel":1,"minecraft:crafting_table":8,"minecraft:spruce_planks":88,"minecraft:birch_boat":1,"minecraft:wooden_pickaxe":1,"minecraft:furnace":2,"minecraft:bone_meal":6,"minecraft:lever":1,"minecraft:stone_axe":1,"minecraft:air":0,"butchercraft:cooked_beef_scraps":1,"minecraft:stick":44,"butchercraft:gut_knife":1,"minecraft:iron_ingot":19,"minecraft:iron_pickaxe":1,"minecraft:stone_pickaxe":3,"minecraft:wooden_axe":1,"minecraft:chest":1,"minecraft:torch":100},"minecraft:killed_by":{"minecraft:player":2,"minecraft:creeper":1,"minecraft:zombie":1,"dweller:nightmare":1},"minecraft:custom":{"minecraft:interact_with_furnace":23,"minecraft:mob_kills":6,"minecraft:interact_with_crafting_table":34,"minecraft:leave_game":7,"minecraft:time_since_death":3809,"minecraft:sleep_in_bed":15,"minecraft:climb_one_cm":4341,"minecraft:time_since_rest":3838,"minecraft:sprint_one_cm":137422,"minecraft:damage_taken":4532,"minecraft:walk_one_cm":222699,"minecraft:drop":22,"minecraft:damage_dealt":1638,"minecraft:player_kills":3,"minecraft:swim_one_cm":28846,"minecraft:fly_one_cm":168893,"minecraft:open_chest":2,"minecraft:crouch_one_cm":3162,"minecraft:play_time":92546,"minecraft:deaths":15,"minecraft:sneak_time":1681,"minecraft:walk_under_water_one_cm":3355,"minecraft:boat_one_cm":69167,"minecraft:jump":1575,"minecraft:walk_on_water_one_cm":22311,"minecraft:total_world_time":92546,"minecraft:fall_one_cm":37906},"minecraft:broken":{"minecraft:stone_pickaxe":2},"minecraft:used":{"minecraft:stone_sword":12,"minecraft:stone_shovel":34,"minecraft:stone_pickaxe":300,"minecraft:birch_boat":2,"minecraft:chest":1,"minecraft:spruce_planks":15,"minecraft:wooden_pickaxe":43,"butchercraft:cooked_beef_scraps":1,"simpletomb:grave_key":12,"minecraft:torch":108,"minecraft:dirt":53,"minecraft:crafting_table":10,"butchercraft:cooked_pork_scraps":1,"minecraft:white_bed":12,"minecraft:tuff":5,"minecraft:wooden_axe":20,"minecraft:iron_pickaxe":166,"minecraft:stone_axe":25,"minecraft:cobblestone":64,"butchercraft:beef_scraps":10,"minecraft:sweet_berries":62,"minecraft:furnace":7},"minecraft:mined":{"minecraft:tuff":5,"minecraft:white_bed":10,"born_in_chaos_v1:infected_diamond_ore":1,"minecraft:clay":6,"minecraft:crafting_table":3,"minecraft:grass_block":18,"minecraft:tall_grass":2,"minecraft:cobblestone":5,"minecraft:moss_block":1,"minecraft:sandstone":85,"minecraft:wall_torch":5,"minecraft:large_fern":2,"minecraft:furnace":3,"minecraft:iron_ore":18,"minecraft:sweet_berry_bush":16,"minecraft:spruce_log":24,"minecraft:andesite":3,"minecraft:birch_leaves":3,"minecraft:grass":2,"minecraft:oak_log":3,"minecraft:coal_ore":85,"minecraft:deepslate_iron_ore":5,"minecraft:sand":8,"minecraft:dirt":21,"minecraft:stone":261,"minecraft:oak_leaves":1,"minecraft:fern":1}},"DataVersion":3120}