{"stats":{"minecraft:killed_by":{"minecraft:skeleton":1,"minecraft:spider":2,"minecraft:zombie":1},"minecraft:picked_up":{"minecraft:birch_log":5,"minecraft:pink_petals":46,"minecraft:crafting_table":2,"minecraft:oak_log":6,"minecraft:dirt":56,"minecraft:raw_copper":13,"minecraft:bone":2,"minecraft:bow":1,"minecraft:wheat_seeds":2,"minecraft:chest":1,"minecraft:oak_planks":12,"minecraft:torch":1,"minecraft:dandelion":1,"minecraft:cherry_log":7,"minecraft:white_bed":1,"minecraft:arrow":1,"minecraft:mutton":11,"minecraft:coal":51,"minecraft:white_wool":6,"minecraft:cobblestone":123,"minecraft:oxeye_daisy":1},"minecraft:crafted":{"minecraft:cherry_planks":28,"minecraft:wooden_sword":1,"spartanweaponry:stone_battle_hammer":1,"minecraft:oak_planks":24,"minecraft:crafting_table":2,"minecraft:wooden_pickaxe":1,"minecraft:furnace":1,"spartanweaponry:handle":4,"minecraft:birch_planks":20,"minecraft:stone_axe":1,"minecraft:cooked_mutton":5,"minecraft:air":0,"spartanweaponry:stone_saber":1,"minecraft:stick":20,"spartanweaponry:stone_warhammer":1,"minecraft:stone_pickaxe":2,"minecraft:wooden_axe":1,"minecraft:chest":1,"minecraft:white_bed":1,"spartanweaponry:stone_flanged_mace":1,"minecraft:torch":16},"minecraft:broken":{"minecraft:stone_pickaxe":1},"minecraft:mined":{"minecraft:white_bed":1,"minecraft:cherry_log":7,"minecraft:dandelion":1,"minecraft:crafting_table":2,"minecraft:grass_block":20,"minecraft:chest":1,"minecraft:copper_ore":3,"minecraft:tall_grass":3,"minecraft:oxeye_daisy":1,"minecraft:wall_torch":1,"minecraft:pink_petals":15,"minecraft:birch_log":5,"minecraft:grass":11,"minecraft:coal_ore":42,"minecraft:oak_log":6,"minecraft:dirt":16,"minecraft:stone":121,"minecraft:oak_leaves":2},"minecraft:custom":{"minecraft:interact_with_furnace":15,"minecraft:mob_kills":11,"minecraft:interact_with_crafting_table":17,"minecraft:time_since_death":27236,"minecraft:time_since_rest":27264,"minecraft:sprint_one_cm":55852,"minecraft:damage_taken":1424,"minecraft:walk_one_cm":112179,"minecraft:drop":4,"minecraft:damage_dealt":1531,"minecraft:swim_one_cm":6458,"minecraft:fly_one_cm":77296,"minecraft:open_chest":6,"minecraft:crouch_one_cm":636,"minecraft:play_time":41700,"minecraft:deaths":5,"minecraft:sneak_time":174,"minecraft:walk_under_water_one_cm":4966,"minecraft:jump":572,"minecraft:walk_on_water_one_cm":1279,"minecraft:total_world_time":41700,"minecraft:fall_one_cm":15968},"minecraft:used":{"spartanweaponry:stone_warhammer":1,"minecraft:cooked_mutton":2,"spartanweaponry:stone_saber":1,"minecraft:birch_planks":20,"minecraft:stone_pickaxe":147,"minecraft:oak_planks":24,"minecraft:chest":2,"minecraft:wooden_pickaxe":20,"minecraft:cherry_planks":1,"minecraft:torch":10,"minecraft:dirt":35,"minecraft:crafting_table":3,"minecraft:white_bed":2,"minecraft:wooden_axe":3,"minecraft:stone_axe":24,"minecraft:pink_petals":22,"minecraft:wooden_sword":21,"minecraft:cobblestone":2,"minecraft:bow":1,"minecraft:furnace":1},"minecraft:killed":{"minecraft:sheep":7,"minecraft:skeleton":1,"minecraft:zombie":3},"minecraft:dropped":{"minecraft:cooked_mutton":3,"spartanweaponry:stone_battle_hammer":1}},"DataVersion":3465}