{"stats":{"minecraft:picked_up":{"minecraft:wooden_axe":1,"born_in_chaos_v1:diamond_termite_shard":1,"born_in_chaos_v1:corpse_maggot":4,"minecraft:crafting_table":4,"born_in_chaos_v1:monster_flesh":1,"minecraft:clay_ball":16,"minecraft:andesite":18,"minecraft:wooden_pickaxe":1,"minecraft:birch_planks":8,"minecraft:tuff":5,"minecraft:oak_log":3,"born_in_chaos_v1:black_argillite":16,"minecraft:dirt":45,"minecraft:gray_concrete_powder":8,"minecraft:bone":5,"minecraft:wheat_seeds":4,"minecraft:cobbled_deepslate":5,"minecraft:spruce_planks":2,"minecraft:azalea":6,"minecraft:moss_block":1,"minecraft:furnace":3,"minecraft:egg":1,"minecraft:raw_iron":61,"minecraft:sandstone":79,"minecraft:birch_boat":1,"minecraft:sweet_berries":56,"minecraft:torch":8,"minecraft:quartz":1,"minecraft:acacia_log":5,"minecraft:poisonous_potato":1,"minecraft:sand":8,"minecraft:ink_sac":6,"minecraft:white_bed":14,"minecraft:spruce_log":22,"butchercraft:cooked_pork_scraps":1,"minecraft:black_dye":1,"minecraft:light_gray_concrete":4,"minecraft:stone_sword":1,"minecraft:arrow":3,"minecraft:rotten_flesh":8,"minecraft:stone_axe":1,"butchercraft:lamb_scraps":2,"born_in_chaos_v1:rotten_fish":1,"cgm:workbench":2,"minecraft:coal":105,"minecraft:white_wool":1,"minecraft:cobblestone":319},"minecraft:killed":{"born_in_chaos_v1:zombie_clown":1,"born_in_chaos_v1:diamond_termite":1,"minecraft:squid":2,"born_in_chaos_v1:decrepit_skeleton":1,"minecraft:sheep":1,"minecraft:skeleton":2,"kevin_trophy:crawler_zombie":1,"minecraft:zombie":3,"born_in_chaos_v1:dread_hound":1,"born_in_chaos_v1:corpse_fly":3,"born_in_chaos_v1:corpse_fish":1},"minecraft:dropped":{"minecraft:gravel":10,"minecraft:sweet_berries":14,"minecraft:sugar_cane":2,"minecraft:wheat_seeds":4,"minecraft:poisonous_potato":1,"minecraft:light_gray_concrete":1,"minecraft:stick":4,"minecraft:ink_sac":3,"minecraft:wooden_axe":1,"born_in_chaos_v1:diamond_termite_shard":1,"minecraft:sandstone":15,"minecraft:sand":15,"minecraft:wooden_pickaxe":1,"minecraft:white_wool":1,"minecraft:egg":1},"minecraft:crafted":{"minecraft:black_dye":3,"minecraft:oak_planks":12,"minecraft:stone_shovel":1,"minecraft:crafting_table":8,"minecraft:spruce_planks":88,"minecraft:wooden_pickaxe":1,"minecraft:birch_boat":1,"minecraft:furnace":2,"minecraft:bone_meal":6,"minecraft:lever":1,"minecraft:stone_axe":1,"minecraft:air":0,"butchercraft:cooked_beef_scraps":1,"minecraft:stick":52,"butchercraft:gut_knife":1,"minecraft:iron_ingot":19,"minecraft:iron_pickaxe":2,"minecraft:stone_pickaxe":3,"minecraft:wooden_axe":1,"minecraft:chest":1,"minecraft:torch":112,"cgm:workbench":1},"minecraft:killed_by":{"midnightlurker:midnight_lurker_backturned":1,"minecraft:player":2,"minecraft:skeleton":1,"minecraft:creeper":1,"minecraft:zombie":1,"dweller:nightmare":1},"minecraft:custom":{"minecraft:interact_with_furnace":23,"minecraft:mob_kills":14,"minecraft:interact_with_crafting_table":38,"minecraft:leave_game":10,"minecraft:time_since_death":3704,"minecraft:sleep_in_bed":16,"minecraft:climb_one_cm":4398,"minecraft:time_since_rest":3735,"minecraft:sprint_one_cm":181659,"minecraft:damage_taken":5997,"minecraft:walk_one_cm":298164,"minecraft:drop":30,"minecraft:damage_dealt":3644,"minecraft:player_kills":6,"minecraft:swim_one_cm":39559,"minecraft:fly_one_cm":223720,"minecraft:open_chest":2,"minecraft:play_time":116742,"minecraft:crouch_one_cm":7872,"minecraft:sneak_time":3357,"minecraft:deaths":19,"minecraft:walk_under_water_one_cm":8031,"minecraft:boat_one_cm":69167,"minecraft:jump":2048,"minecraft:walk_on_water_one_cm":27262,"minecraft:total_world_time":116742,"minecraft:fall_one_cm":57323},"minecraft:broken":{"minecraft:stone_pickaxe":2,"minecraft:iron_pickaxe":1},"minecraft:used":{"minecraft:stone_sword":28,"minecraft:stone_shovel":34,"minecraft:stone_pickaxe":301,"minecraft:wooden_pickaxe":43,"minecraft:chest":1,"minecraft:spruce_planks":15,"minecraft:birch_boat":2,"butchercraft:cooked_beef_scraps":1,"butchercraft:gut_knife":23,"simpletomb:grave_key":29,"minecraft:torch":112,"minecraft:dirt":53,"cgm:workbench":3,"minecraft:crafting_table":12,"butchercraft:cooked_pork_scraps":1,"minecraft:white_bed":14,"minecraft:tuff":5,"born_in_chaos_v1:corpse_maggot":2,"minecraft:wooden_axe":20,"minecraft:iron_pickaxe":289,"butchercraft:beef_scraps":10,"minecraft:cobblestone":143,"minecraft:stone_axe":31,"minecraft:sweet_berries":62,"minecraft:furnace":7},"minecraft:mined":{"minecraft:tuff":5,"minecraft:white_bed":12,"born_in_chaos_v1:infected_diamond_ore":1,"minecraft:clay":6,"minecraft:crafting_table":4,"minecraft:acacia_log":5,"minecraft:grass_block":18,"minecraft:tall_grass":2,"minecraft:cobblestone":12,"minecraft:moss_block":1,"minecraft:sandstone":85,"minecraft:wall_torch":5,"cgm:workbench":2,"minecraft:large_fern":2,"minecraft:furnace":3,"minecraft:iron_ore":26,"minecraft:sweet_berry_bush":16,"minecraft:spruce_log":24,"minecraft:birch_leaves":3,"minecraft:andesite":12,"minecraft:grass":2,"minecraft:coal_ore":90,"minecraft:oak_log":3,"minecraft:deepslate_iron_ore":20,"minecraft:sand":8,"minecraft:light_gray_concrete":3,"minecraft:dirt":21,"minecraft:stone":330,"minecraft:deepslate":5,"minecraft:oak_leaves":1,"minecraft:fern":1}},"DataVersion":3120}