{"stats":{"minecraft:picked_up":{"minecraft:wooden_axe":1,"born_in_chaos_v1:diamond_termite_shard":1,"minecraft:crafting_table":4,"cgm:basic_bullet":64,"minecraft:clay_ball":16,"minecraft:wooden_pickaxe":1,"born_in_chaos_v1:black_argillite":32,"minecraft:cobbled_deepslate":5,"minecraft:spruce_planks":2,"minecraft:azalea":6,"minecraft:sugar_cane":1,"minecraft:egg":1,"minecraft:furnace":5,"minecraft:raw_iron":61,"minecraft:sandstone":143,"minecraft:torch":16,"minecraft:acacia_log":5,"minecraft:redstone":18,"butchercraft:cooked_pork_scraps":1,"minecraft:black_dye":1,"minecraft:rotten_flesh":18,"minecraft:stone_sword":1,"minecraft:arrow":3,"butchercraft:beef_scraps":1,"minecraft:white_wool":1,"minecraft:cobblestone":516,"born_in_chaos_v1:corpse_maggot":4,"born_in_chaos_v1:monster_flesh":1,"minecraft:glow_ink_sac":14,"minecraft:andesite":82,"minecraft:birch_planks":8,"minecraft:flint":4,"minecraft:tuff":5,"minecraft:oak_log":7,"minecraft:gunpowder":1,"minecraft:lapis_lazuli":42,"minecraft:dirt":45,"minecraft:gray_concrete_powder":16,"minecraft:bone":10,"minecraft:wheat_seeds":4,"minecraft:raw_gold":9,"minecraft:stone_pickaxe":1,"minecraft:moss_block":2,"minecraft:birch_boat":1,"minecraft:sweet_berries":56,"minecraft:quartz":1,"born_in_chaos_v1:ethereal_spirit":1,"minecraft:poisonous_potato":1,"minecraft:sand":43,"minecraft:ink_sac":6,"minecraft:white_bed":14,"minecraft:spruce_log":22,"minecraft:light_gray_concrete":9,"minecraft:black_concrete_powder":8,"minecraft:stone_axe":1,"butchercraft:lamb_scraps":2,"minecraft:bone_meal":2,"born_in_chaos_v1:rotten_fish":1,"cgm:workbench":3,"minecraft:coal":123},"minecraft:killed":{"born_in_chaos_v1:zombie_clown":1,"born_in_chaos_v1:restless_spirit":1,"minecraft:skeleton":2,"born_in_chaos_v1:corpse_fish":1,"born_in_chaos_v1:diamond_termite":1,"minecraft:squid":2,"born_in_chaos_v1:decrepit_skeleton":1,"minecraft:sheep":1,"kevin_trophy:crawler_zombie":1,"minecraft:zombie":3,"born_in_chaos_v1:dread_hound":1,"born_in_chaos_v1:corpse_fly":3},"minecraft:dropped":{"butchercraft:beef_scraps":1,"minecraft:moss_block":1,"minecraft:birch_planks":3,"minecraft:wheat_seeds":4,"minecraft:poisonous_potato":1,"minecraft:cobblestone":33,"minecraft:stick":4,"born_in_chaos_v1:black_argillite":32,"minecraft:ink_sac":3,"minecraft:wooden_axe":1,"minecraft:sand":50,"minecraft:white_wool":1,"minecraft:bone":4,"minecraft:gravel":10,"minecraft:sweet_berries":14,"minecraft:sugar_cane":3,"minecraft:lever":1,"minecraft:cobbled_deepslate":8,"born_in_chaos_v1:ethereal_spirit":1,"born_in_chaos_v1:rotten_fish":1,"minecraft:rotten_flesh":20,"minecraft:light_gray_concrete":1,"minecraft:andesite":7,"born_in_chaos_v1:diamond_termite_shard":1,"minecraft:gray_concrete_powder":8,"minecraft:sandstone":143,"minecraft:arrow":3,"minecraft:wooden_pickaxe":1,"minecraft:quartz":1,"minecraft:egg":1},"minecraft:crafted":{"minecraft:black_dye":3,"minecraft:oak_planks":28,"minecraft:stone_shovel":1,"minecraft:iron_nugget":18,"minecraft:birch_boat":1,"minecraft:furnace":2,"minecraft:lever":1,"minecraft:bone_meal":6,"minecraft:stone_pickaxe":3,"minecraft:chest":3,"cgm:workbench":1,"minecraft:crafting_table":8,"minecraft:spruce_planks":88,"minecraft:wooden_pickaxe":1,"minecraft:copper_ingot":30,"minecraft:stone_axe":1,"minecraft:air":0,"butchercraft:cooked_beef_scraps":1,"minecraft:stick":52,"minecraft:iron_pickaxe":2,"butchercraft:gut_knife":1,"minecraft:iron_ingot":19,"minecraft:wooden_axe":1,"minecraft:torch":112},"minecraft:killed_by":{"midnightlurker:midnight_lurker_backturned":1,"minecraft:player":2,"minecraft:creeper":1,"minecraft:skeleton":1,"minecraft:zombie":1,"dweller:nightmare":1},"minecraft:broken":{"minecraft:stone_pickaxe":2,"minecraft:iron_pickaxe":1},"minecraft:custom":{"minecraft:mob_kills":15,"minecraft:interact_with_crafting_table":40,"minecraft:leave_game":11,"minecraft:time_since_death":10325,"minecraft:climb_one_cm":4398,"minecraft:sprint_one_cm":195278,"minecraft:walk_one_cm":321094,"minecraft:drop":51,"minecraft:play_time":128593,"minecraft:deaths":20,"minecraft:sneak_time":4479,"minecraft:walk_under_water_one_cm":9651,"minecraft:boat_one_cm":69167,"minecraft:jump":2221,"minecraft:walk_on_water_one_cm":27844,"minecraft:total_world_time":128593,"minecraft:interact_with_furnace":25,"minecraft:sleep_in_bed":16,"minecraft:time_since_rest":10353,"minecraft:damage_taken":6227,"minecraft:damage_dealt":3874,"minecraft:swim_one_cm":40587,"minecraft:fly_one_cm":238921,"minecraft:player_kills":6,"minecraft:open_chest":8,"minecraft:crouch_one_cm":13722,"minecraft:fall_one_cm":63357},"minecraft:used":{"minecraft:stone_sword":28,"minecraft:stone_shovel":34,"minecraft:spruce_planks":15,"minecraft:chest":3,"simpletomb:grave_key":31,"minecraft:torch":113,"minecraft:dirt":53,"cgm:workbench":4,"minecraft:tuff":5,"born_in_chaos_v1:corpse_maggot":2,"minecraft:wooden_axe":20,"butchercraft:beef_scraps":10,"minecraft:sweet_berries":62,"minecraft:furnace":9,"minecraft:stone_pickaxe":301,"minecraft:birch_boat":2,"minecraft:wooden_pickaxe":43,"butchercraft:cooked_beef_scraps":1,"butchercraft:gut_knife":29,"minecraft:crafting_table":12,"butchercraft:cooked_pork_scraps":1,"minecraft:white_bed":14,"minecraft:iron_pickaxe":307,"minecraft:stone_axe":33,"minecraft:cobblestone":322},"minecraft:mined":{"minecraft:tuff":5,"minecraft:white_bed":12,"born_in_chaos_v1:infected_diamond_ore":1,"minecraft:acacia_log":5,"minecraft:grass_block":18,"minecraft:moss_block":1,"minecraft:sandstone":85,"cgm:workbench":3,"minecraft:large_fern":2,"minecraft:furnace":5,"minecraft:iron_ore":26,"minecraft:andesite":12,"minecraft:deepslate_iron_ore":20,"minecraft:light_gray_concrete":3,"minecraft:stone":334,"minecraft:deepslate_redstone_ore":4,"minecraft:clay":6,"minecraft:crafting_table":5,"minecraft:chest":1,"minecraft:cobblestone":18,"minecraft:tall_grass":2,"minecraft:deepslate_gold_ore":1,"minecraft:wall_torch":6,"minecraft:sweet_berry_bush":16,"minecraft:spruce_log":24,"minecraft:birch_leaves":3,"minecraft:grass":2,"minecraft:oak_log":3,"minecraft:coal_ore":90,"minecraft:sand":8,"minecraft:dirt":21,"minecraft:oak_leaves":1,"minecraft:deepslate":5,"minecraft:fern":1}},"DataVersion":3120}