{"stats":{"minecraft:picked_up":{"minecraft:wooden_axe":1,"born_in_chaos_v1:diamond_termite_shard":1,"minecraft:crafting_table":4,"cgm:basic_bullet":64,"minecraft:clay_ball":16,"minecraft:wooden_pickaxe":1,"born_in_chaos_v1:black_argillite":32,"minecraft:cobbled_deepslate":5,"minecraft:spruce_planks":2,"minecraft:azalea":6,"minecraft:sugar_cane":1,"minecraft:furnace":5,"minecraft:egg":1,"minecraft:raw_iron":61,"minecraft:sandstone":143,"minecraft:torch":18,"minecraft:acacia_log":5,"minecraft:redstone":18,"butchercraft:cooked_pork_scraps":1,"minecraft:black_dye":1,"minecraft:rotten_flesh":18,"minecraft:stone_sword":1,"minecraft:arrow":3,"butchercraft:beef_scraps":1,"minecraft:white_wool":2,"minecraft:cobblestone":520,"born_in_chaos_v1:corpse_maggot":4,"born_in_chaos_v1:monster_flesh":1,"minecraft:glow_ink_sac":14,"minecraft:andesite":101,"minecraft:birch_planks":8,"minecraft:flint":4,"minecraft:tuff":5,"minecraft:oak_log":7,"minecraft:gunpowder":1,"minecraft:lapis_lazuli":42,"minecraft:dirt":45,"minecraft:gray_concrete_powder":16,"minecraft:bone":10,"minecraft:wheat_seeds":5,"minecraft:raw_gold":9,"minecraft:stone_pickaxe":1,"minecraft:moss_block":2,"minecraft:birch_boat":1,"minecraft:sweet_berries":56,"born_in_chaos_v1:ethereal_spirit":1,"minecraft:quartz":1,"minecraft:poisonous_potato":1,"minecraft:sand":43,"minecraft:ink_sac":6,"minecraft:white_bed":14,"minecraft:spruce_log":35,"minecraft:light_gray_concrete":9,"minecraft:black_concrete_powder":8,"minecraft:stone_axe":1,"butchercraft:lamb_scraps":3,"minecraft:bone_meal":2,"born_in_chaos_v1:rotten_fish":1,"minecraft:coal":123,"cgm:workbench":3},"minecraft:dropped":{"butchercraft:beef_scraps":1,"minecraft:moss_block":1,"minecraft:birch_planks":3,"minecraft:wheat_seeds":4,"minecraft:poisonous_potato":1,"minecraft:cobblestone":33,"minecraft:stick":4,"born_in_chaos_v1:black_argillite":32,"minecraft:ink_sac":3,"minecraft:wooden_axe":1,"minecraft:sand":50,"minecraft:white_wool":1,"minecraft:bone":4,"minecraft:gravel":10,"minecraft:sweet_berries":14,"minecraft:sugar_cane":3,"minecraft:lever":1,"minecraft:cobbled_deepslate":8,"born_in_chaos_v1:ethereal_spirit":1,"born_in_chaos_v1:rotten_fish":1,"minecraft:rotten_flesh":20,"minecraft:light_gray_concrete":1,"minecraft:andesite":7,"born_in_chaos_v1:diamond_termite_shard":1,"minecraft:gray_concrete_powder":8,"minecraft:sandstone":143,"minecraft:arrow":3,"minecraft:wooden_pickaxe":1,"minecraft:quartz":1,"minecraft:egg":1},"minecraft:killed":{"born_in_chaos_v1:zombie_clown":1,"born_in_chaos_v1:restless_spirit":1,"minecraft:skeleton":2,"born_in_chaos_v1:corpse_fish":1,"born_in_chaos_v1:diamond_termite":1,"minecraft:squid":2,"born_in_chaos_v1:decrepit_skeleton":1,"minecraft:sheep":2,"minecraft:goat":1,"kevin_trophy:crawler_zombie":1,"minecraft:zombie":3,"born_in_chaos_v1:dread_hound":1,"born_in_chaos_v1:corpse_fly":3},"minecraft:crafted":{"minecraft:black_dye":3,"minecraft:oak_planks":28,"minecraft:stone_shovel":1,"minecraft:iron_nugget":18,"minecraft:birch_boat":1,"minecraft:furnace":2,"minecraft:lever":1,"minecraft:bone_meal":6,"minecraft:stone_pickaxe":3,"minecraft:chest":3,"cgm:workbench":1,"minecraft:crafting_table":8,"minecraft:spruce_planks":96,"minecraft:wooden_pickaxe":1,"minecraft:copper_ingot":30,"minecraft:stone_axe":1,"minecraft:air":0,"butchercraft:cooked_beef_scraps":1,"minecraft:stick":56,"minecraft:iron_pickaxe":2,"butchercraft:gut_knife":1,"minecraft:iron_ingot":21,"minecraft:wooden_axe":1,"minecraft:torch":112},"minecraft:killed_by":{"midnightlurker:midnight_lurker_backturned":1,"minecraft:player":3,"minecraft:creeper":1,"minecraft:skeleton":1,"minecraft:zombie":1,"dweller:nightmare":2},"minecraft:broken":{"minecraft:stone_pickaxe":2,"minecraft:iron_pickaxe":1},"minecraft:custom":{"minecraft:mob_kills":17,"minecraft:interact_with_crafting_table":40,"minecraft:leave_game":13,"minecraft:time_since_death":2795,"minecraft:climb_one_cm":5516,"minecraft:sprint_one_cm":221210,"minecraft:walk_one_cm":349590,"minecraft:drop":51,"minecraft:play_time":139485,"minecraft:deaths":26,"minecraft:sneak_time":4718,"minecraft:walk_under_water_one_cm":9651,"minecraft:boat_one_cm":69167,"minecraft:jump":2460,"minecraft:walk_on_water_one_cm":27844,"minecraft:total_world_time":139485,"minecraft:interact_with_furnace":31,"minecraft:sleep_in_bed":17,"minecraft:time_since_rest":2146,"minecraft:damage_taken":7972,"minecraft:damage_dealt":4154,"minecraft:swim_one_cm":40587,"minecraft:fly_one_cm":293379,"minecraft:player_kills":6,"minecraft:open_chest":9,"minecraft:crouch_one_cm":14194,"minecraft:fall_one_cm":69778},"minecraft:used":{"minecraft:stone_sword":28,"minecraft:stone_shovel":34,"minecraft:chest":3,"minecraft:spruce_planks":15,"simpletomb:grave_key":35,"minecraft:torch":116,"minecraft:dirt":53,"cgm:workbench":4,"minecraft:tuff":5,"born_in_chaos_v1:corpse_maggot":2,"minecraft:wooden_axe":20,"butchercraft:beef_scraps":10,"minecraft:sweet_berries":62,"minecraft:furnace":9,"minecraft:stone_pickaxe":301,"minecraft:wooden_pickaxe":43,"minecraft:birch_boat":2,"butchercraft:cooked_beef_scraps":1,"butchercraft:gut_knife":39,"minecraft:crafting_table":12,"butchercraft:cooked_pork_scraps":1,"minecraft:white_bed":14,"minecraft:iron_pickaxe":332,"butchercraft:lamb_scraps":1,"minecraft:stone_axe":47,"minecraft:cobblestone":414,"minecraft:andesite":30},"minecraft:mined":{"minecraft:tuff":5,"minecraft:white_bed":12,"born_in_chaos_v1:infected_diamond_ore":1,"minecraft:acacia_log":5,"minecraft:grass_block":18,"minecraft:moss_block":1,"minecraft:sandstone":85,"cgm:workbench":3,"minecraft:large_fern":2,"minecraft:furnace":5,"minecraft:iron_ore":26,"minecraft:andesite":33,"minecraft:deepslate_iron_ore":20,"minecraft:light_gray_concrete":3,"minecraft:stone":334,"minecraft:deepslate_redstone_ore":4,"minecraft:clay":6,"minecraft:crafting_table":5,"minecraft:chest":1,"minecraft:dead_bush":1,"minecraft:tall_grass":2,"minecraft:cobblestone":22,"minecraft:deepslate_gold_ore":1,"minecraft:wall_torch":8,"minecraft:sweet_berry_bush":16,"minecraft:spruce_log":37,"minecraft:birch_leaves":3,"minecraft:grass":4,"minecraft:oak_log":3,"minecraft:coal_ore":90,"minecraft:sand":8,"minecraft:dirt":21,"minecraft:oak_leaves":2,"minecraft:deepslate":5,"minecraft:fern":2}},"DataVersion":3120}