{"stats":{"minecraft:killed_by":{"minecraft:skeleton":1,"minecraft:spider":2,"minecraft:zombie":1},"minecraft:picked_up":{"minecraft:birch_log":5,"minecraft:pink_petals":46,"minecraft:crafting_table":1,"minecraft:oak_log":6,"minecraft:dirt":56,"minecraft:bone":2,"minecraft:bow":1,"minecraft:wheat_seeds":2,"minecraft:chest":1,"minecraft:oak_planks":12,"minecraft:torch":1,"minecraft:dandelion":1,"minecraft:cherry_log":7,"minecraft:white_bed":1,"minecraft:arrow":1,"minecraft:mutton":11,"minecraft:white_wool":6,"minecraft:cobblestone":31,"minecraft:oxeye_daisy":1},"minecraft:crafted":{"minecraft:cherry_planks":28,"minecraft:wooden_sword":1,"spartanweaponry:stone_battle_hammer":1,"minecraft:oak_planks":24,"minecraft:crafting_table":1,"minecraft:wooden_pickaxe":1,"minecraft:furnace":1,"spartanweaponry:handle":4,"minecraft:birch_planks":20,"minecraft:stone_axe":1,"minecraft:cooked_mutton":5,"minecraft:air":0,"spartanweaponry:stone_saber":1,"minecraft:stick":16,"minecraft:stone_pickaxe":1,"minecraft:wooden_axe":1,"minecraft:chest":1,"minecraft:white_bed":1},"minecraft:mined":{"minecraft:white_bed":1,"minecraft:cherry_log":7,"minecraft:dandelion":1,"minecraft:crafting_table":1,"minecraft:grass_block":20,"minecraft:chest":1,"minecraft:tall_grass":3,"minecraft:oxeye_daisy":1,"minecraft:wall_torch":1,"minecraft:pink_petals":15,"minecraft:birch_log":5,"minecraft:grass":11,"minecraft:oak_log":6,"minecraft:dirt":16,"minecraft:stone":30,"minecraft:oak_leaves":2},"minecraft:custom":{"minecraft:interact_with_furnace":14,"minecraft:mob_kills":11,"minecraft:interact_with_crafting_table":14,"minecraft:time_since_death":15236,"minecraft:time_since_rest":15264,"minecraft:sprint_one_cm":51807,"minecraft:damage_taken":1414,"minecraft:walk_one_cm":92224,"minecraft:drop":1,"minecraft:damage_dealt":1521,"minecraft:swim_one_cm":6458,"minecraft:fly_one_cm":76275,"minecraft:open_chest":6,"minecraft:crouch_one_cm":636,"minecraft:play_time":29700,"minecraft:deaths":5,"minecraft:sneak_time":174,"minecraft:walk_under_water_one_cm":4966,"minecraft:jump":537,"minecraft:walk_on_water_one_cm":1279,"minecraft:total_world_time":29700,"minecraft:fall_one_cm":15699},"minecraft:used":{"minecraft:cooked_mutton":2,"spartanweaponry:stone_saber":1,"minecraft:birch_planks":20,"minecraft:stone_pickaxe":13,"minecraft:oak_planks":24,"minecraft:chest":2,"minecraft:wooden_pickaxe":18,"minecraft:cherry_planks":1,"minecraft:torch":1,"minecraft:dirt":35,"minecraft:crafting_table":2,"minecraft:white_bed":2,"minecraft:wooden_axe":3,"minecraft:stone_axe":23,"minecraft:pink_petals":22,"minecraft:wooden_sword":21,"minecraft:cobblestone":1,"minecraft:bow":1,"minecraft:furnace":1},"minecraft:killed":{"minecraft:sheep":7,"minecraft:skeleton":1,"minecraft:zombie":3},"minecraft:dropped":{"spartanweaponry:stone_battle_hammer":1}},"DataVersion":3465}