{"stats":{"minecraft:picked_up":{"minecraft:crafting_table":2,"minecraft:torch":1,"minecraft:tuff":5,"minecraft:oak_log":3,"minecraft:spruce_log":5,"minecraft:dirt":3,"minecraft:spruce_planks":1,"minecraft:coal":21,"minecraft:cobblestone":58},"minecraft:crafted":{"minecraft:oak_planks":12,"minecraft:crafting_table":1,"minecraft:spruce_planks":20,"minecraft:stick":20,"minecraft:wooden_pickaxe":1,"minecraft:stone_pickaxe":1,"minecraft:wooden_axe":1,"minecraft:torch":56},"minecraft:killed_by":{"minecraft:zombie":1},"minecraft:custom":{"minecraft:time_since_rest":2547,"minecraft:sprint_one_cm":28524,"minecraft:damage_taken":1690,"minecraft:walk_one_cm":30576,"minecraft:damage_dealt":20,"minecraft:swim_one_cm":7517,"minecraft:interact_with_crafting_table":5,"minecraft:fly_one_cm":56909,"minecraft:crouch_one_cm":847,"minecraft:play_time":15024,"minecraft:deaths":7,"minecraft:sneak_time":361,"minecraft:walk_under_water_one_cm":863,"minecraft:jump":342,"minecraft:leave_game":1,"minecraft:walk_on_water_one_cm":9902,"minecraft:time_since_death":2496,"minecraft:climb_one_cm":2909,"minecraft:total_world_time":15024,"minecraft:fall_one_cm":6186},"minecraft:used":{"minecraft:wooden_axe":7,"minecraft:stone_pickaxe":54,"minecraft:spruce_planks":9,"minecraft:wooden_pickaxe":20,"simpletomb:grave_key":1,"minecraft:torch":35,"minecraft:dirt":3,"minecraft:cobblestone":6,"minecraft:crafting_table":2,"minecraft:tuff":3},"minecraft:mined":{"minecraft:tuff":5,"minecraft:spruce_log":5,"minecraft:crafting_table":2,"minecraft:oak_log":3,"minecraft:coal_ore":16,"minecraft:dirt":3,"minecraft:stone":49,"minecraft:oak_leaves":1,"minecraft:wall_torch":1}},"DataVersion":3120}