{"stats":{"minecraft:picked_up":{"minecraft:tuff":3,"minecraft:oak_log":3,"minecraft:spruce_log":5},"minecraft:crafted":{"minecraft:oak_planks":12,"minecraft:crafting_table":1,"minecraft:spruce_planks":20,"minecraft:stick":4,"minecraft:wooden_pickaxe":1,"minecraft:wooden_axe":1},"minecraft:custom":{"minecraft:time_since_rest":3479,"minecraft:play_time":3479,"minecraft:sprint_one_cm":8440,"minecraft:walk_one_cm":5395,"minecraft:sneak_time":43,"minecraft:walk_under_water_one_cm":489,"minecraft:jump":80,"minecraft:damage_dealt":20,"minecraft:time_since_death":3479,"minecraft:walk_on_water_one_cm":5144,"minecraft:total_world_time":3479,"minecraft:climb_one_cm":697,"minecraft:swim_one_cm":3808,"minecraft:interact_with_crafting_table":2,"minecraft:fall_one_cm":1045,"minecraft:fly_one_cm":16020},"minecraft:used":{"minecraft:wooden_axe":5,"minecraft:crafting_table":1,"minecraft:wooden_pickaxe":3},"minecraft:mined":{"minecraft:oak_log":3,"minecraft:tuff":3,"minecraft:spruce_log":5}},"DataVersion":3120}