{"stats":{"minecraft:killed_by":{"minecraft:spider":1},"minecraft:picked_up":{"minecraft:pink_petals":26,"minecraft:wheat_seeds":2,"minecraft:mutton":2,"minecraft:dirt":17,"minecraft:white_wool":1,"minecraft:oxeye_daisy":1},"minecraft:mined":{"minecraft:pink_petals":12,"minecraft:grass":7,"minecraft:grass_block":11,"minecraft:dirt":6,"minecraft:oxeye_daisy":1},"minecraft:custom":{"minecraft:time_since_rest":3382,"minecraft:play_time":5700,"minecraft:sprint_one_cm":12743,"minecraft:walk_one_cm":24070,"minecraft:damage_taken":312,"minecraft:deaths":1,"minecraft:sneak_time":6,"minecraft:mob_kills":1,"minecraft:jump":144,"minecraft:damage_dealt":201,"minecraft:time_since_death":2470,"minecraft:total_world_time":5700,"minecraft:fall_one_cm":4450,"minecraft:fly_one_cm":15152},"minecraft:used":{"minecraft:pink_petals":22,"minecraft:dirt":16},"minecraft:killed":{"minecraft:sheep":1}},"DataVersion":3465}