{"stats":{"minecraft:killed_by":{"minecraft:player":2,"minecraft:skeleton":1,"minecraft:spider":2,"minecraft:zombie":1},"minecraft:picked_up":{"minecraft:birch_log":5,"minecraft:pink_petals":46,"minecraft:crafting_table":2,"minecraft:oak_log":6,"minecraft:dirt":56,"minecraft:raw_copper":13,"minecraft:cooked_mutton":1,"minecraft:bone":6,"minecraft:bow":1,"minecraft:wheat_seeds":2,"alexsmobs:cockroach_wing_fragment":1,"minecraft:chest":1,"minecraft:oak_planks":12,"minecraft:raw_iron":8,"minecraft:torch":1,"minecraft:dandelion":1,"minecraft:dripstone_block":1,"minecraft:cherry_log":7,"minecraft:pointed_dripstone":37,"minecraft:white_bed":3,"minecraft:arrow":6,"minecraft:granite":1,"minecraft:mutton":11,"minecraft:coal":57,"minecraft:white_wool":6,"minecraft:cobblestone":197,"minecraft:oxeye_daisy":1},"minecraft:crafted":{"minecraft:cherry_planks":28,"minecraft:wooden_sword":1,"spartanweaponry:stone_battle_hammer":1,"minecraft:oak_planks":24,"minecraft:crafting_table":2,"minecraft:wooden_pickaxe":1,"minecraft:furnace":2,"spartanweaponry:handle":4,"minecraft:birch_planks":20,"minecraft:stone_axe":1,"minecraft:cooked_mutton":5,"minecraft:air":0,"spartanweaponry:stone_saber":1,"minecraft:stick":24,"spartanweaponry:stone_warhammer":1,"minecraft:stone_pickaxe":2,"minecraft:wooden_axe":1,"minecraft:chest":1,"minecraft:white_bed":1,"spartanweaponry:stone_flanged_mace":1,"minecraft:torch":32},"minecraft:broken":{"minecraft:stone_pickaxe":1},"minecraft:mined":{"minecraft:white_bed":3,"minecraft:cherry_log":7,"minecraft:dandelion":1,"minecraft:crafting_table":2,"minecraft:granite":1,"minecraft:grass_block":20,"minecraft:chest":1,"minecraft:cobblestone":3,"minecraft:copper_ore":3,"minecraft:tall_grass":3,"minecraft:oxeye_daisy":1,"minecraft:wall_torch":1,"minecraft:pink_petals":15,"minecraft:birch_log":5,"minecraft:iron_ore":8,"minecraft:grass":11,"minecraft:pointed_dripstone":10,"minecraft:coal_ore":48,"minecraft:oak_log":6,"minecraft:dripstone_block":2,"minecraft:dirt":16,"minecraft:stone":191,"minecraft:oak_leaves":2},"minecraft:custom":{"minecraft:interact_with_furnace":18,"minecraft:mob_kills":16,"minecraft:interact_with_crafting_table":21,"minecraft:time_since_death":655,"minecraft:time_since_rest":690,"minecraft:sprint_one_cm":83194,"minecraft:damage_taken":1923,"minecraft:walk_one_cm":147752,"minecraft:drop":4,"minecraft:damage_dealt":2574,"minecraft:swim_one_cm":6458,"minecraft:fly_one_cm":99315,"minecraft:open_chest":6,"minecraft:crouch_one_cm":1868,"minecraft:play_time":53700,"minecraft:deaths":7,"minecraft:sneak_time":534,"minecraft:walk_under_water_one_cm":5206,"minecraft:jump":765,"minecraft:walk_on_water_one_cm":1319,"minecraft:total_world_time":53700,"minecraft:fall_one_cm":23775},"minecraft:used":{"spartanweaponry:stone_warhammer":1,"minecraft:cooked_mutton":3,"spartanweaponry:stone_saber":13,"minecraft:birch_planks":20,"minecraft:stone_pickaxe":247,"minecraft:oak_planks":24,"minecraft:chest":2,"minecraft:wooden_pickaxe":20,"minecraft:cherry_planks":1,"minecraft:torch":32,"minecraft:dirt":35,"minecraft:crafting_table":4,"minecraft:white_bed":2,"minecraft:wooden_axe":3,"spartanweaponry:stone_flanged_mace":2,"minecraft:stone_axe":24,"minecraft:pink_petals":22,"minecraft:wooden_sword":21,"minecraft:cobblestone":9,"minecraft:bow":1,"minecraft:furnace":2},"minecraft:killed":{"minecraft:sheep":7,"minecraft:skeleton":4,"alexsmobs:cockroach":1,"minecraft:zombie":4},"minecraft:dropped":{"minecraft:cooked_mutton":3,"spartanweaponry:stone_battle_hammer":1}},"DataVersion":3465}