{"stats":{"minecraft:custom":{"minecraft:jump":77,"minecraft:damage_dealt":550,"minecraft:time_since_rest":451,"minecraft:damage_taken":500,"minecraft:crouch_one_cm":4,"minecraft:play_time":3268,"minecraft:sprint_one_cm":11463,"minecraft:time_since_death":424,"minecraft:walk_one_cm":11506,"minecraft:deaths":2,"minecraft:sneak_time":3,"minecraft:total_world_time":3268,"minecraft:fly_one_cm":11155,"minecraft:fall_one_cm":1523,"minecraft:player_kills":2},"minecraft:killed_by":{"minecraft:player":2},"minecraft:mined":{"minecraft:tall_grass":2,"minecraft:grass":3,"minecraft:grass_block":2,"minecraft:dirt":1},"minecraft:picked_up":{"minecraft:wheat_seeds":2,"minecraft:dirt":2},"minecraft:used":{"minecraft:dirt":1}},"DataVersion":3465}