{"stats":{"minecraft:killed_by":{"minecraft:player":5,"minecraft:skeleton":2,"minecraft:spider":2,"minecraft:zombie":1,"hordes:zombie_player":4},"minecraft:picked_up":{"minecraft:wooden_axe":1,"minecraft:birch_log":5,"minecraft:pink_petals":46,"minecraft:crafting_table":2,"minecraft:cooked_beef":3,"spartanweaponry:handle":6,"minecraft:andesite":2,"minecraft:brown_wool":1,"minecraft:flint":2,"minecraft:oak_log":6,"spartanweaponry:stone_warhammer":3,"minecraft:dirt":83,"minecraft:raw_copper":29,"minecraft:cooked_mutton":1,"minecraft:bone":10,"minecraft:bow":2,"minecraft:wheat_seeds":2,"alexsmobs:cockroach_wing_fragment":1,"minecraft:iron_ingot":1,"minecraft:stone_pickaxe":2,"minecraft:iron_pickaxe":5,"minecraft:rabbit":2,"minecraft:chest":1,"minecraft:oak_planks":137,"minecraft:stick":6,"minecraft:raw_iron":20,"spartanweaponry:stone_battle_hammer":1,"minecraft:torch":28,"minecraft:dandelion":1,"minecraft:dripstone_block":1,"minecraft:gravel":3,"minecraft:cherry_log":7,"minecraft:pointed_dripstone":109,"minecraft:white_bed":4,"spartanweaponry:stone_flanged_mace":1,"minecraft:rotten_flesh":3,"minecraft:arrow":8,"minecraft:stone_axe":5,"spartanweaponry:stone_saber":1,"minecraft:granite":20,"minecraft:mutton":11,"minecraft:coal":73,"minecraft:white_wool":6,"minecraft:cobblestone":597,"minecraft:oxeye_daisy":1},"minecraft:crafted":{"minecraft:cherry_planks":28,"minecraft:wooden_sword":1,"minecraft:oak_door":3,"spartanweaponry:stone_battle_hammer":1,"minecraft:oak_planks":24,"minecraft:stone_shovel":1,"minecraft:crafting_table":2,"minecraft:wooden_pickaxe":1,"minecraft:furnace":2,"spartanweaponry:handle":8,"minecraft:birch_planks":20,"spartanweaponry:iron_boomerang":1,"minecraft:stone_axe":1,"minecraft:cooked_mutton":5,"minecraft:air":0,"spartanweaponry:stone_saber":1,"minecraft:stick":40,"spartanweaponry:stone_warhammer":2,"minecraft:iron_ingot":8,"minecraft:iron_pickaxe":2,"minecraft:stone_pickaxe":2,"minecraft:wooden_axe":1,"minecraft:chest":2,"minecraft:white_bed":1,"spartanweaponry:stone_flanged_mace":1,"minecraft:torch":56,"minecraft:cooked_rabbit":2,"spartanweaponry:stone_boomerang":1},"minecraft:broken":{"minecraft:stone_pickaxe":1},"minecraft:mined":{"minecraft:white_bed":4,"minecraft:cherry_log":7,"minecraft:dandelion":1,"minecraft:crafting_table":2,"minecraft:granite":20,"minecraft:grass_block":20,"minecraft:chest":1,"minecraft:tall_grass":3,"minecraft:copper_ore":4,"minecraft:cobblestone":11,"minecraft:oak_planks":2,"minecraft:oxeye_daisy":1,"minecraft:wall_torch":4,"minecraft:pink_petals":15,"minecraft:birch_log":5,"minecraft:iron_ore":16,"minecraft:andesite":2,"minecraft:grass":11,"minecraft:pointed_dripstone":10,"minecraft:oak_log":6,"minecraft:coal_ore":50,"minecraft:dripstone_block":2,"minecraft:dirt":29,"minecraft:stone":383,"minecraft:oak_leaves":2},"minecraft:custom":{"minecraft:interact_with_furnace":21,"minecraft:mob_kills":25,"minecraft:interact_with_crafting_table":29,"minecraft:leave_game":2,"minecraft:time_since_death":6668,"minecraft:time_since_rest":6698,"minecraft:sprint_one_cm":127734,"minecraft:damage_taken":3994,"minecraft:walk_one_cm":256113,"minecraft:drop":14,"minecraft:damage_dealt":4774,"minecraft:swim_one_cm":6458,"minecraft:fly_one_cm":128562,"minecraft:player_kills":6,"minecraft:open_chest":24,"minecraft:crouch_one_cm":2214,"minecraft:play_time":92543,"minecraft:deaths":15,"minecraft:sneak_time":718,"minecraft:walk_under_water_one_cm":5206,"minecraft:jump":1073,"minecraft:walk_on_water_one_cm":1326,"minecraft:total_world_time":92543,"minecraft:fall_one_cm":31088},"minecraft:used":{"minecraft:cooked_mutton":3,"spartanweaponry:stone_warhammer":2,"spartanweaponry:stone_saber":41,"minecraft:birch_planks":20,"minecraft:stone_shovel":13,"minecraft:stone_pickaxe":247,"minecraft:oak_planks":28,"minecraft:chest":3,"minecraft:wooden_pickaxe":29,"minecraft:cherry_planks":1,"spartanweaponry:iron_boomerang":12,"minecraft:oak_door":3,"minecraft:torch":51,"minecraft:dirt":35,"minecraft:crafting_table":4,"minecraft:white_bed":5,"minecraft:granite":2,"spartanweaponry:stone_battle_hammer":4,"minecraft:wooden_axe":3,"spartanweaponry:stone_flanged_mace":2,"minecraft:iron_pickaxe":227,"spartanweaponry:stone_boomerang":4,"minecraft:stone_axe":26,"minecraft:pink_petals":22,"minecraft:wooden_sword":21,"minecraft:cobblestone":45,"minecraft:bow":1,"minecraft:furnace":2,"minecraft:cooked_rabbit":2},"minecraft:killed":{"hordes:zombie_player":3,"minecraft:spider":1,"minecraft:sheep":7,"minecraft:skeleton":7,"minecraft:zombie":6,"alexsmobs:cockroach":1},"minecraft:dropped":{"minecraft:stone_axe":1,"minecraft:cobblestone":128,"spartanweaponry:stone_warhammer":1,"minecraft:cooked_mutton":3,"spartanweaponry:stone_battle_hammer":1,"spartanweaponry:stone_boomerang":1,"minecraft:torch":17,"minecraft:iron_pickaxe":4}},"DataVersion":3465}