{"stats":{"minecraft:picked_up":{"born_in_chaos_v1:corpse_maggot":2,"born_in_chaos_v1:diamond_termite_shard":1,"minecraft:crafting_table":3,"born_in_chaos_v1:monster_flesh":1,"minecraft:clay_ball":16,"minecraft:andesite":6,"minecraft:birch_planks":8,"minecraft:tuff":5,"minecraft:oak_log":3,"born_in_chaos_v1:black_argillite":2,"minecraft:dirt":45,"minecraft:bone":2,"minecraft:spruce_planks":1,"minecraft:moss_block":1,"minecraft:furnace":1,"minecraft:raw_iron":35,"minecraft:sweet_berries":56,"minecraft:torch":8,"minecraft:poisonous_potato":1,"minecraft:white_bed":5,"minecraft:spruce_log":16,"butchercraft:cooked_pork_scraps":1,"minecraft:stone_sword":1,"minecraft:arrow":1,"minecraft:rotten_flesh":4,"minecraft:stone_axe":1,"butchercraft:lamb_scraps":2,"minecraft:coal":90,"minecraft:white_wool":1,"minecraft:cobblestone":209},"minecraft:dropped":{"minecraft:sweet_berries":14,"born_in_chaos_v1:diamond_termite_shard":1,"minecraft:white_wool":1},"minecraft:killed":{"born_in_chaos_v1:zombie_clown":1,"born_in_chaos_v1:diamond_termite":1,"minecraft:sheep":1,"minecraft:skeleton":1,"minecraft:zombie":1,"born_in_chaos_v1:dread_hound":1,"born_in_chaos_v1:corpse_fly":2},"minecraft:crafted":{"minecraft:oak_planks":12,"minecraft:stone_shovel":1,"minecraft:crafting_table":6,"minecraft:spruce_planks":64,"minecraft:wooden_pickaxe":1,"minecraft:furnace":2,"minecraft:bone_meal":6,"minecraft:lever":1,"minecraft:stone_axe":1,"minecraft:air":0,"minecraft:stick":44,"butchercraft:gut_knife":1,"minecraft:iron_ingot":19,"minecraft:iron_pickaxe":1,"minecraft:stone_pickaxe":3,"minecraft:wooden_axe":1,"minecraft:chest":1,"minecraft:torch":100},"minecraft:killed_by":{"minecraft:player":1,"minecraft:creeper":1,"minecraft:zombie":1,"dweller:nightmare":1},"minecraft:custom":{"minecraft:interact_with_furnace":14,"minecraft:mob_kills":5,"minecraft:interact_with_crafting_table":28,"minecraft:leave_game":7,"minecraft:time_since_death":6086,"minecraft:sleep_in_bed":9,"minecraft:climb_one_cm":4341,"minecraft:time_since_rest":464,"minecraft:sprint_one_cm":126787,"minecraft:damage_taken":3870,"minecraft:walk_one_cm":187372,"minecraft:drop":16,"minecraft:damage_dealt":1488,"minecraft:player_kills":3,"minecraft:swim_one_cm":8071,"minecraft:fly_one_cm":144953,"minecraft:open_chest":2,"minecraft:crouch_one_cm":3136,"minecraft:play_time":74600,"minecraft:deaths":13,"minecraft:sneak_time":1535,"minecraft:walk_under_water_one_cm":871,"minecraft:jump":1372,"minecraft:walk_on_water_one_cm":17079,"minecraft:total_world_time":74600,"minecraft:fall_one_cm":33994},"minecraft:broken":{"minecraft:stone_pickaxe":2},"minecraft:used":{"minecraft:stone_sword":9,"minecraft:stone_shovel":27,"minecraft:stone_pickaxe":300,"minecraft:chest":1,"minecraft:spruce_planks":15,"minecraft:wooden_pickaxe":43,"simpletomb:grave_key":9,"minecraft:torch":107,"minecraft:dirt":53,"minecraft:crafting_table":9,"butchercraft:cooked_pork_scraps":1,"minecraft:white_bed":5,"minecraft:tuff":5,"minecraft:wooden_axe":20,"minecraft:iron_pickaxe":24,"minecraft:stone_axe":18,"minecraft:cobblestone":56,"minecraft:sweet_berries":62,"minecraft:furnace":3},"minecraft:mined":{"minecraft:tuff":5,"minecraft:white_bed":4,"minecraft:clay":6,"born_in_chaos_v1:infected_diamond_ore":1,"minecraft:crafting_table":3,"minecraft:grass_block":18,"minecraft:tall_grass":2,"minecraft:cobblestone":3,"minecraft:moss_block":1,"minecraft:wall_torch":5,"minecraft:large_fern":2,"minecraft:furnace":1,"minecraft:iron_ore":18,"minecraft:sweet_berry_bush":16,"minecraft:spruce_log":18,"minecraft:andesite":3,"minecraft:birch_leaves":3,"minecraft:grass":2,"minecraft:oak_log":3,"minecraft:coal_ore":85,"minecraft:deepslate_iron_ore":5,"minecraft:dirt":21,"minecraft:stone":212,"minecraft:oak_leaves":1,"minecraft:fern":1}},"DataVersion":3120}