{"stats":{"minecraft:killed_by":{"minecraft:skeleton":1,"minecraft:spider":2,"minecraft:zombie":1},"minecraft:picked_up":{"minecraft:pink_petals":46,"minecraft:cherry_log":7,"minecraft:dirt":50,"minecraft:bone":2,"minecraft:arrow":1,"minecraft:bow":1,"minecraft:wheat_seeds":2,"minecraft:mutton":8,"minecraft:white_wool":4,"minecraft:cobblestone":18,"minecraft:oxeye_daisy":1},"minecraft:crafted":{"minecraft:cherry_planks":28,"minecraft:wooden_sword":1,"minecraft:crafting_table":1,"minecraft:stick":8,"minecraft:wooden_pickaxe":1,"minecraft:wooden_axe":1,"minecraft:chest":1,"minecraft:white_bed":1},"minecraft:mined":{"minecraft:pink_petals":15,"minecraft:cherry_log":7,"minecraft:grass":11,"minecraft:grass_block":17,"minecraft:dirt":13,"minecraft:tall_grass":3,"minecraft:stone":18,"minecraft:oxeye_daisy":1},"minecraft:custom":{"minecraft:time_since_rest":3264,"minecraft:sprint_one_cm":32595,"minecraft:damage_taken":1274,"minecraft:walk_one_cm":64971,"minecraft:mob_kills":6,"minecraft:damage_dealt":1012,"minecraft:interact_with_crafting_table":6,"minecraft:fly_one_cm":49026,"minecraft:open_chest":2,"minecraft:crouch_one_cm":290,"minecraft:play_time":17700,"minecraft:deaths":5,"minecraft:sneak_time":64,"minecraft:jump":365,"minecraft:time_since_death":3236,"minecraft:total_world_time":17700,"minecraft:fall_one_cm":12623},"minecraft:used":{"minecraft:wooden_axe":3,"minecraft:chest":1,"minecraft:wooden_pickaxe":18,"minecraft:pink_petals":22,"minecraft:wooden_sword":21,"minecraft:dirt":28,"minecraft:bow":1,"minecraft:crafting_table":1,"minecraft:white_bed":1},"minecraft:killed":{"minecraft:sheep":4,"minecraft:skeleton":1,"minecraft:zombie":1}},"DataVersion":3465}