{"stats":{"minecraft:picked_up":{"minecraft:raw_iron":3,"minecraft:crafting_table":2,"minecraft:sweet_berries":39,"minecraft:torch":3,"minecraft:tuff":5,"minecraft:oak_log":3,"minecraft:white_bed":4,"minecraft:spruce_log":16,"minecraft:dirt":7,"butchercraft:cooked_pork_scraps":1,"minecraft:spruce_planks":1,"butchercraft:lamb_scraps":2,"minecraft:coal":52,"minecraft:white_wool":1,"minecraft:cobblestone":128},"minecraft:dropped":{"minecraft:sweet_berries":7,"minecraft:white_wool":1},"minecraft:killed":{"minecraft:sheep":1},"minecraft:crafted":{"minecraft:oak_planks":12,"minecraft:crafting_table":4,"minecraft:spruce_planks":64,"minecraft:stick":40,"minecraft:wooden_pickaxe":1,"minecraft:stone_pickaxe":2,"minecraft:wooden_axe":1,"minecraft:furnace":1,"minecraft:torch":100,"minecraft:stone_axe":1},"minecraft:killed_by":{"dweller:nightmare":1,"minecraft:zombie":1},"minecraft:custom":{"minecraft:time_since_rest":918,"minecraft:interact_with_furnace":5,"minecraft:sprint_one_cm":87817,"minecraft:damage_taken":3105,"minecraft:walk_one_cm":96844,"minecraft:mob_kills":1,"minecraft:drop":8,"minecraft:damage_dealt":704,"minecraft:interact_with_crafting_table":12,"minecraft:player_kills":2,"minecraft:swim_one_cm":8071,"minecraft:fly_one_cm":117014,"minecraft:crouch_one_cm":2169,"minecraft:play_time":45725,"minecraft:deaths":11,"minecraft:sneak_time":1312,"minecraft:walk_under_water_one_cm":871,"minecraft:jump":903,"minecraft:leave_game":5,"minecraft:time_since_death":885,"minecraft:walk_on_water_one_cm":16140,"minecraft:sleep_in_bed":4,"minecraft:total_world_time":45725,"minecraft:climb_one_cm":4245,"minecraft:fall_one_cm":18334},"minecraft:broken":{"minecraft:stone_pickaxe":1},"minecraft:used":{"minecraft:wooden_axe":20,"minecraft:stone_pickaxe":146,"minecraft:spruce_planks":12,"minecraft:wooden_pickaxe":43,"minecraft:stone_axe":8,"simpletomb:grave_key":7,"minecraft:torch":59,"minecraft:dirt":3,"minecraft:cobblestone":12,"minecraft:sweet_berries":31,"minecraft:crafting_table":6,"minecraft:furnace":1,"butchercraft:cooked_pork_scraps":1,"minecraft:white_bed":4,"minecraft:tuff":5},"minecraft:mined":{"minecraft:large_fern":2,"minecraft:tuff":5,"minecraft:white_bed":3,"minecraft:iron_ore":4,"minecraft:sweet_berry_bush":8,"minecraft:spruce_log":18,"minecraft:birch_leaves":3,"minecraft:crafting_table":2,"minecraft:grass_block":1,"minecraft:oak_log":3,"minecraft:coal_ore":47,"minecraft:dirt":3,"minecraft:cobblestone":2,"minecraft:stone":109,"minecraft:oak_leaves":1,"minecraft:wall_torch":3,"minecraft:fern":1}},"DataVersion":3120}