{"stats":{"minecraft:picked_up":{"minecraft:crafting_table":2,"minecraft:raw_iron":3,"minecraft:sweet_berries":26,"minecraft:torch":2,"minecraft:tuff":5,"minecraft:oak_log":3,"minecraft:spruce_log":5,"minecraft:dirt":7,"butchercraft:cooked_pork_scraps":1,"minecraft:spruce_planks":1,"minecraft:coal":41,"minecraft:cobblestone":88},"minecraft:dropped":{"minecraft:sweet_berries":7},"minecraft:crafted":{"minecraft:oak_planks":12,"minecraft:crafting_table":1,"minecraft:spruce_planks":20,"minecraft:stick":20,"minecraft:wooden_pickaxe":1,"minecraft:stone_pickaxe":1,"minecraft:wooden_axe":1,"minecraft:furnace":1,"minecraft:torch":56},"minecraft:killed_by":{"minecraft:zombie":1},"minecraft:custom":{"minecraft:time_since_rest":17165,"minecraft:interact_with_furnace":5,"minecraft:sprint_one_cm":65257,"minecraft:damage_taken":1950,"minecraft:walk_one_cm":60099,"minecraft:drop":7,"minecraft:damage_dealt":384,"minecraft:swim_one_cm":8071,"minecraft:interact_with_crafting_table":7,"minecraft:fly_one_cm":94444,"minecraft:player_kills":1,"minecraft:crouch_one_cm":1741,"minecraft:play_time":29642,"minecraft:deaths":7,"minecraft:sneak_time":836,"minecraft:walk_under_water_one_cm":871,"minecraft:jump":676,"minecraft:leave_game":3,"minecraft:time_since_death":15263,"minecraft:walk_on_water_one_cm":14318,"minecraft:total_world_time":29642,"minecraft:climb_one_cm":3442,"minecraft:fall_one_cm":14927},"minecraft:used":{"minecraft:wooden_axe":14,"minecraft:stone_pickaxe":107,"minecraft:spruce_planks":9,"minecraft:wooden_pickaxe":20,"simpletomb:grave_key":2,"minecraft:torch":41,"minecraft:dirt":3,"minecraft:cobblestone":9,"minecraft:sweet_berries":26,"minecraft:crafting_table":3,"minecraft:furnace":1,"butchercraft:cooked_pork_scraps":1,"minecraft:tuff":5},"minecraft:mined":{"minecraft:tuff":5,"minecraft:iron_ore":4,"minecraft:sweet_berry_bush":1,"minecraft:spruce_log":5,"minecraft:crafting_table":2,"minecraft:grass_block":1,"minecraft:oak_log":3,"minecraft:coal_ore":36,"minecraft:dirt":3,"minecraft:cobblestone":2,"minecraft:stone":75,"minecraft:oak_leaves":1,"minecraft:wall_torch":1}},"DataVersion":3120}