{"stats":{"minecraft:killed_by":{"minecraft:player":3,"minecraft:skeleton":2,"minecraft:spider":2,"minecraft:zombie":1,"hordes:zombie_player":4},"minecraft:picked_up":{"minecraft:wooden_axe":1,"minecraft:birch_log":5,"minecraft:pink_petals":46,"minecraft:crafting_table":2,"minecraft:cooked_beef":3,"spartanweaponry:handle":3,"minecraft:brown_wool":1,"minecraft:flint":2,"minecraft:oak_log":6,"spartanweaponry:stone_warhammer":3,"minecraft:dirt":70,"minecraft:raw_copper":26,"minecraft:cooked_mutton":1,"minecraft:bone":8,"minecraft:bow":2,"minecraft:wheat_seeds":2,"alexsmobs:cockroach_wing_fragment":1,"minecraft:iron_ingot":1,"minecraft:stone_pickaxe":2,"minecraft:iron_pickaxe":3,"minecraft:rabbit":2,"minecraft:chest":1,"minecraft:oak_planks":128,"minecraft:stick":4,"minecraft:raw_iron":12,"spartanweaponry:stone_battle_hammer":1,"minecraft:torch":26,"minecraft:dandelion":1,"minecraft:dripstone_block":1,"minecraft:gravel":3,"minecraft:cherry_log":7,"minecraft:pointed_dripstone":109,"minecraft:white_bed":4,"spartanweaponry:stone_flanged_mace":1,"minecraft:arrow":6,"minecraft:stone_axe":5,"spartanweaponry:stone_saber":1,"minecraft:granite":1,"minecraft:mutton":11,"minecraft:coal":71,"minecraft:white_wool":6,"minecraft:cobblestone":412,"minecraft:oxeye_daisy":1},"minecraft:crafted":{"minecraft:cherry_planks":28,"minecraft:wooden_sword":1,"spartanweaponry:stone_battle_hammer":1,"minecraft:oak_planks":24,"minecraft:crafting_table":2,"minecraft:wooden_pickaxe":1,"minecraft:furnace":2,"spartanweaponry:handle":8,"minecraft:birch_planks":20,"spartanweaponry:iron_boomerang":1,"minecraft:stone_axe":1,"minecraft:cooked_mutton":5,"minecraft:air":0,"spartanweaponry:stone_saber":1,"minecraft:stick":36,"spartanweaponry:stone_warhammer":2,"minecraft:iron_ingot":8,"minecraft:iron_pickaxe":2,"minecraft:stone_pickaxe":2,"minecraft:wooden_axe":1,"minecraft:chest":1,"minecraft:white_bed":1,"spartanweaponry:stone_flanged_mace":1,"minecraft:torch":48,"minecraft:cooked_rabbit":2},"minecraft:broken":{"minecraft:stone_pickaxe":1},"minecraft:mined":{"minecraft:white_bed":4,"minecraft:cherry_log":7,"minecraft:dandelion":1,"minecraft:crafting_table":2,"minecraft:granite":1,"minecraft:grass_block":20,"minecraft:chest":1,"minecraft:tall_grass":3,"minecraft:copper_ore":3,"minecraft:cobblestone":6,"minecraft:oak_planks":2,"minecraft:oxeye_daisy":1,"minecraft:wall_torch":3,"minecraft:pink_petals":15,"minecraft:birch_log":5,"minecraft:iron_ore":8,"minecraft:grass":11,"minecraft:pointed_dripstone":10,"minecraft:oak_log":6,"minecraft:coal_ore":48,"minecraft:dripstone_block":2,"minecraft:dirt":16,"minecraft:stone":198,"minecraft:oak_leaves":2},"minecraft:custom":{"minecraft:interact_with_furnace":21,"minecraft:mob_kills":21,"minecraft:interact_with_crafting_table":24,"minecraft:leave_game":1,"minecraft:time_since_death":2623,"minecraft:time_since_rest":3087,"minecraft:sprint_one_cm":120670,"minecraft:damage_taken":3451,"minecraft:walk_one_cm":187203,"minecraft:drop":11,"minecraft:damage_dealt":3716,"minecraft:swim_one_cm":6458,"minecraft:fly_one_cm":124744,"minecraft:player_kills":3,"minecraft:open_chest":14,"minecraft:crouch_one_cm":1965,"minecraft:play_time":75013,"minecraft:deaths":13,"minecraft:sneak_time":581,"minecraft:walk_under_water_one_cm":5206,"minecraft:jump":952,"minecraft:walk_on_water_one_cm":1326,"minecraft:total_world_time":75013,"minecraft:fall_one_cm":30753},"minecraft:used":{"minecraft:cooked_mutton":3,"spartanweaponry:stone_warhammer":2,"spartanweaponry:stone_saber":27,"minecraft:birch_planks":20,"minecraft:stone_pickaxe":247,"minecraft:oak_planks":28,"minecraft:chest":2,"minecraft:wooden_pickaxe":29,"minecraft:cherry_planks":1,"spartanweaponry:iron_boomerang":12,"minecraft:torch":42,"minecraft:dirt":35,"minecraft:crafting_table":4,"minecraft:white_bed":5,"spartanweaponry:stone_battle_hammer":4,"minecraft:wooden_axe":3,"spartanweaponry:stone_flanged_mace":2,"minecraft:iron_pickaxe":3,"minecraft:stone_axe":26,"minecraft:pink_petals":22,"minecraft:wooden_sword":21,"minecraft:cobblestone":11,"minecraft:bow":1,"minecraft:furnace":2,"minecraft:cooked_rabbit":2},"minecraft:killed":{"hordes:zombie_player":2,"minecraft:spider":1,"minecraft:sheep":7,"minecraft:skeleton":6,"minecraft:zombie":4,"alexsmobs:cockroach":1},"minecraft:dropped":{"minecraft:stone_axe":1,"minecraft:cobblestone":128,"spartanweaponry:stone_warhammer":1,"minecraft:cooked_mutton":3,"spartanweaponry:stone_battle_hammer":1,"minecraft:torch":17,"minecraft:iron_pickaxe":2}},"DataVersion":3465}