{"stats":{"minecraft:picked_up":{"minecraft:crafting_table":2,"minecraft:raw_iron":3,"minecraft:sweet_berries":26,"minecraft:torch":3,"minecraft:tuff":5,"minecraft:oak_log":3,"minecraft:white_bed":2,"minecraft:spruce_log":5,"minecraft:dirt":7,"butchercraft:cooked_pork_scraps":1,"minecraft:spruce_planks":1,"butchercraft:lamb_scraps":2,"minecraft:coal":41,"minecraft:white_wool":1,"minecraft:cobblestone":126},"minecraft:dropped":{"minecraft:sweet_berries":7,"minecraft:white_wool":1},"minecraft:killed":{"minecraft:sheep":1},"minecraft:crafted":{"minecraft:oak_planks":12,"minecraft:crafting_table":2,"minecraft:spruce_planks":20,"minecraft:stick":20,"minecraft:wooden_pickaxe":1,"minecraft:stone_pickaxe":1,"minecraft:wooden_axe":1,"minecraft:furnace":1,"minecraft:torch":56},"minecraft:killed_by":{"minecraft:zombie":1},"minecraft:custom":{"minecraft:time_since_rest":1251,"minecraft:interact_with_furnace":5,"minecraft:sprint_one_cm":74308,"minecraft:damage_taken":2060,"minecraft:walk_one_cm":82492,"minecraft:mob_kills":1,"minecraft:drop":8,"minecraft:damage_dealt":704,"minecraft:swim_one_cm":8071,"minecraft:interact_with_crafting_table":9,"minecraft:fly_one_cm":101908,"minecraft:player_kills":2,"minecraft:crouch_one_cm":1898,"minecraft:play_time":37050,"minecraft:deaths":7,"minecraft:sneak_time":1155,"minecraft:walk_under_water_one_cm":871,"minecraft:jump":745,"minecraft:leave_game":4,"minecraft:time_since_death":21915,"minecraft:walk_on_water_one_cm":16140,"minecraft:sleep_in_bed":2,"minecraft:total_world_time":37050,"minecraft:climb_one_cm":3442,"minecraft:fall_one_cm":15738},"minecraft:broken":{"minecraft:stone_pickaxe":1},"minecraft:used":{"minecraft:wooden_axe":14,"minecraft:stone_pickaxe":130,"minecraft:spruce_planks":9,"minecraft:wooden_pickaxe":43,"simpletomb:grave_key":3,"minecraft:torch":59,"minecraft:dirt":3,"minecraft:cobblestone":12,"minecraft:sweet_berries":26,"minecraft:crafting_table":4,"minecraft:furnace":1,"butchercraft:cooked_pork_scraps":1,"minecraft:white_bed":2,"minecraft:tuff":5},"minecraft:mined":{"minecraft:tuff":5,"minecraft:white_bed":1,"minecraft:iron_ore":4,"minecraft:sweet_berry_bush":1,"minecraft:spruce_log":5,"minecraft:crafting_table":2,"minecraft:grass_block":1,"minecraft:oak_log":3,"minecraft:coal_ore":36,"minecraft:dirt":3,"minecraft:cobblestone":2,"minecraft:stone":107,"minecraft:oak_leaves":1,"minecraft:wall_torch":3}},"DataVersion":3120}