{"stats":{"minecraft:picked_up":{"minecraft:crafting_table":1,"minecraft:raw_iron":6,"minecraft:sweet_berries":40,"minecraft:oak_log":13,"minecraft:spruce_sapling":1,"minecraft:sugar_cane":1,"minecraft:coal":25,"minecraft:white_wool":7,"minecraft:cobblestone":41,"minecraft:egg":1},"minecraft:dropped":{"minecraft:wooden_pickaxe":1,"minecraft:white_bed":1},"minecraft:crafted":{"minecraft:oak_planks":24,"minecraft:crafting_table":1,"minecraft:stick":20,"minecraft:wooden_pickaxe":1,"minecraft:iron_ingot":2,"minecraft:stone_pickaxe":2,"minecraft:stone_sword":1,"minecraft:white_bed":2,"minecraft:stone_axe":1,"minecraft:shears":1,"minecraft:air":0},"minecraft:custom":{"minecraft:time_since_rest":3782,"minecraft:interact_with_furnace":2,"minecraft:sprint_one_cm":55075,"minecraft:damage_taken":1559,"minecraft:walk_one_cm":40905,"minecraft:drop":2,"minecraft:damage_dealt":73,"minecraft:swim_one_cm":6864,"minecraft:interact_with_crafting_table":5,"minecraft:fly_one_cm":61802,"minecraft:crouch_one_cm":7200,"minecraft:play_time":20455,"minecraft:deaths":4,"minecraft:sneak_time":3240,"minecraft:walk_under_water_one_cm":1895,"minecraft:jump":497,"minecraft:leave_game":3,"minecraft:walk_on_water_one_cm":9418,"minecraft:time_since_death":3746,"minecraft:sleep_in_bed":1,"minecraft:climb_one_cm":956,"minecraft:total_world_time":20455,"minecraft:fall_one_cm":12253},"minecraft:used":{"minecraft:stone_pickaxe":72,"minecraft:wooden_pickaxe":5,"minecraft:spruce_sapling":1,"simpletomb:grave_key":2,"minecraft:stone_axe":1,"minecraft:cobblestone":2,"minecraft:crafting_table":1,"minecraft:sweet_berries":40,"minecraft:white_bed":1,"minecraft:egg":1},"minecraft:mined":{"minecraft:seagrass":1,"minecraft:iron_ore":5,"minecraft:sweet_berry_bush":20,"minecraft:birch_leaves":1,"minecraft:crafting_table":1,"minecraft:oak_log":13,"minecraft:coal_ore":25,"minecraft:vine":1,"minecraft:cobblestone":2,"minecraft:sugar_cane":1,"minecraft:spruce_leaves":1,"minecraft:stone":43}},"DataVersion":3120}