{"stats":{"minecraft:picked_up":{"minecraft:crafting_table":2,"minecraft:raw_iron":20,"minecraft:clay_ball":8,"minecraft:sweet_berries":40,"minecraft:torch":2,"minecraft:oak_log":13,"minecraft:spruce_sapling":1,"minecraft:moss_carpet":11,"minecraft:dirt":31,"minecraft:bone":1,"minecraft:tropical_fish":2,"minecraft:wheat_seeds":2,"minecraft:azalea":5,"minecraft:sugar_cane":1,"minecraft:glow_berries":1,"minecraft:coal":39,"minecraft:white_wool":8,"minecraft:cobblestone":106,"minecraft:egg":1},"minecraft:dropped":{"minecraft:wooden_pickaxe":1,"minecraft:white_bed":1},"minecraft:killed":{"born_in_chaos_v1:baby_skeleton":1},"minecraft:crafted":{"minecraft:oak_planks":24,"minecraft:crafting_table":1,"minecraft:stick":20,"minecraft:wooden_pickaxe":1,"minecraft:iron_ingot":2,"minecraft:stone_pickaxe":2,"minecraft:stone_sword":1,"minecraft:white_bed":2,"minecraft:cobblestone_stairs":12,"minecraft:stone_axe":1,"minecraft:shears":1,"minecraft:air":0},"minecraft:custom":{"minecraft:time_since_rest":5143,"minecraft:interact_with_furnace":2,"minecraft:sprint_one_cm":66741,"minecraft:damage_taken":1947,"minecraft:walk_one_cm":71669,"minecraft:mob_kills":1,"minecraft:drop":2,"minecraft:damage_dealt":271,"minecraft:swim_one_cm":9601,"minecraft:interact_with_crafting_table":7,"minecraft:fly_one_cm":76275,"minecraft:crouch_one_cm":13498,"minecraft:play_time":32455,"minecraft:deaths":4,"minecraft:sneak_time":6026,"minecraft:walk_under_water_one_cm":2699,"minecraft:jump":681,"minecraft:leave_game":3,"minecraft:walk_on_water_one_cm":18876,"minecraft:time_since_death":15746,"minecraft:sleep_in_bed":4,"minecraft:climb_one_cm":956,"minecraft:total_world_time":32455,"minecraft:fall_one_cm":17387},"minecraft:used":{"minecraft:moss_carpet":1,"minecraft:stone_sword":10,"minecraft:cobblestone_stairs":7,"minecraft:stone_pickaxe":175,"minecraft:oak_planks":2,"minecraft:wooden_pickaxe":5,"minecraft:spruce_sapling":1,"minecraft:torch":2,"minecraft:white_wool":1,"simpletomb:grave_key":2,"minecraft:stone_axe":2,"minecraft:cobblestone":41,"minecraft:crafting_table":3,"minecraft:sweet_berries":88,"minecraft:white_bed":2,"minecraft:egg":1},"minecraft:mined":{"minecraft:seagrass":1,"minecraft:iron_ore":19,"minecraft:sweet_berry_bush":22,"minecraft:birch_leaves":2,"minecraft:clay":2,"minecraft:crafting_table":2,"minecraft:cave_vines_plant":1,"minecraft:grass_block":3,"minecraft:oak_log":13,"minecraft:coal_ore":39,"minecraft:vine":1,"minecraft:dirt":7,"minecraft:cobblestone":9,"minecraft:sugar_cane":1,"minecraft:spruce_leaves":1,"minecraft:stone":105,"minecraft:white_wool":1}},"DataVersion":3120}