{"stats":{"minecraft:picked_up":{"born_in_chaos_v1:corpse_maggot":4,"born_in_chaos_v1:diamond_termite_shard":4,"minecraft:crafting_table":3,"minecraft:clay_ball":8,"minecraft:andesite":2,"minecraft:oak_log":13,"born_in_chaos_v1:black_argillite":16,"minecraft:lapis_lazuli":13,"minecraft:dirt":31,"minecraft:moss_carpet":11,"minecraft:raw_copper":5,"minecraft:bone":1,"minecraft:wheat_seeds":2,"minecraft:cobbled_deepslate":1,"minecraft:iron_ingot":10,"minecraft:stone_pickaxe":1,"minecraft:azalea":6,"minecraft:sugar_cane":1,"minecraft:furnace":2,"minecraft:egg":1,"minecraft:raw_iron":23,"minecraft:sweet_berries":47,"minecraft:torch":2,"minecraft:spruce_sapling":1,"minecraft:rotten_flesh":3,"minecraft:tropical_fish":2,"minecraft:glow_berries":1,"minecraft:coal":121,"minecraft:white_wool":8,"minecraft:cobblestone":137},"minecraft:killed":{"born_in_chaos_v1:diamond_termite":1,"born_in_chaos_v1:baby_skeleton":1,"minecraft:skeleton":1,"born_in_chaos_v1:corpse_fly":1},"minecraft:dropped":{"minecraft:stone_axe":1,"minecraft:stone_sword":1,"minecraft:raw_iron":13,"minecraft:white_bed":1,"born_in_chaos_v1:black_argillite":9,"minecraft:wooden_pickaxe":1,"minecraft:stone_pickaxe":1},"minecraft:crafted":{"minecraft:oak_planks":24,"minecraft:crafting_table":2,"minecraft:wooden_pickaxe":1,"minecraft:furnace":3,"minecraft:cobblestone_stairs":12,"minecraft:stone_axe":1,"minecraft:air":0,"minecraft:iron_chestplate":1,"minecraft:iron_axe":1,"minecraft:stick":20,"minecraft:iron_ingot":15,"minecraft:iron_pickaxe":1,"minecraft:stone_pickaxe":2,"minecraft:stone_sword":1,"minecraft:iron_leggings":1,"minecraft:white_bed":2,"minecraft:shears":1},"minecraft:custom":{"minecraft:interact_with_furnace":15,"minecraft:mob_kills":5,"minecraft:interact_with_crafting_table":12,"minecraft:leave_game":4,"minecraft:time_since_death":26182,"minecraft:sleep_in_bed":4,"minecraft:climb_one_cm":956,"minecraft:time_since_rest":17711,"minecraft:sprint_one_cm":77677,"minecraft:damage_taken":2439,"minecraft:walk_one_cm":108381,"minecraft:drop":9,"minecraft:damage_dealt":987,"minecraft:swim_one_cm":9601,"minecraft:player_kills":1,"minecraft:fly_one_cm":87493,"minecraft:crouch_one_cm":17655,"minecraft:play_time":45023,"minecraft:deaths":4,"minecraft:sneak_time":7522,"minecraft:walk_under_water_one_cm":2699,"minecraft:jump":827,"minecraft:walk_on_water_one_cm":18876,"minecraft:total_world_time":45023,"minecraft:fall_one_cm":20180},"minecraft:used":{"minecraft:moss_carpet":1,"minecraft:stone_sword":52,"minecraft:cobblestone_stairs":7,"minecraft:stone_pickaxe":182,"minecraft:oak_planks":2,"minecraft:wooden_pickaxe":5,"minecraft:rotten_flesh":3,"simpletomb:grave_key":2,"minecraft:white_wool":1,"minecraft:torch":2,"minecraft:crafting_table":4,"minecraft:white_bed":2,"born_in_chaos_v1:corpse_maggot":4,"minecraft:iron_axe":3,"minecraft:iron_pickaxe":57,"minecraft:spruce_sapling":1,"minecraft:stone_axe":4,"minecraft:cobblestone":46,"minecraft:sweet_berries":131,"minecraft:furnace":3,"minecraft:egg":1},"minecraft:mined":{"minecraft:flowering_azalea":1,"born_in_chaos_v1:infected_diamond_ore":1,"minecraft:clay":2,"minecraft:crafting_table":3,"minecraft:cave_vines_plant":3,"minecraft:grass_block":3,"born_in_chaos_v1:black_argillite":16,"minecraft:copper_ore":1,"minecraft:cobblestone":12,"minecraft:lapis_ore":2,"minecraft:spruce_leaves":1,"minecraft:sugar_cane":1,"minecraft:seagrass":1,"minecraft:furnace":3,"minecraft:iron_ore":22,"minecraft:sweet_berry_bush":24,"minecraft:andesite":2,"minecraft:birch_leaves":2,"minecraft:deepslate_lapis_ore":1,"minecraft:grass":1,"minecraft:coal_ore":39,"minecraft:oak_log":13,"minecraft:vine":1,"minecraft:dirt":7,"minecraft:azalea":1,"minecraft:stone":135,"minecraft:white_wool":1,"minecraft:deepslate":1}},"DataVersion":3120}