{"stats":{"minecraft:picked_up":{"minecraft:feather":3,"minecraft:crafting_table":6,"born_in_chaos_v1:corpse_maggot":6,"born_in_chaos_v1:diamond_termite_shard":4,"minecraft:clay_ball":8,"minecraft:andesite":164,"butchercraft:pork_scraps":3,"minecraft:flint":4,"minecraft:oak_log":17,"born_in_chaos_v1:black_argillite":16,"minecraft:lapis_lazuli":42,"minecraft:dirt":35,"minecraft:moss_carpet":11,"minecraft:raw_copper":5,"minecraft:gray_concrete_powder":8,"minecraft:bone":3,"minecraft:wheat_seeds":4,"minecraft:cobbled_deepslate":73,"minecraft:raw_gold":6,"minecraft:iron_ingot":23,"minecraft:stone_pickaxe":1,"minecraft:oak_boat":1,"minecraft:azalea":6,"minecraft:sugar_cane":1,"minecraft:furnace":4,"minecraft:egg":1,"minecraft:stick":2,"minecraft:raw_iron":79,"minecraft:sandstone":50,"minecraft:sweet_berries":47,"minecraft:torch":2,"minecraft:quartz":1,"minecraft:gravel":3,"minecraft:spruce_sapling":1,"minecraft:white_bed":6,"minecraft:fermented_spider_eye":2,"minecraft:redstone":18,"butchercraft:leather_scrap":7,"minecraft:rotten_flesh":17,"minecraft:diamond":38,"minecraft:tropical_fish":2,"minecraft:lever":1,"butchercraft:beef_scraps":7,"minecraft:glow_berries":1,"minecraft:coal":194,"minecraft:white_wool":27,"minecraft:cobblestone":255},"minecraft:killed":{"minecraft:pig":1,"born_in_chaos_v1:diamond_termite":1,"born_in_chaos_v1:baby_skeleton":1,"born_in_chaos_v1:maggot":2,"born_in_chaos_v1:decrepit_skeleton":1,"kevin_trophy:blister_zombie":2,"minecraft:skeleton":1,"minecraft:zombie":6,"born_in_chaos_v1:corpse_fly":3,"minecraft:chicken":1,"born_in_chaos_v1:siamese_skeletonsleft":1,"minecraft:cow":4},"minecraft:dropped":{"minecraft:moss_carpet":10,"minecraft:stone_axe":1,"minecraft:oak_log":4,"minecraft:stone_sword":1,"minecraft:crafting_table":1,"minecraft:raw_iron":13,"minecraft:feather":3,"minecraft:rotten_flesh":13,"minecraft:white_bed":1,"born_in_chaos_v1:black_argillite":9,"minecraft:andesite":14,"minecraft:sandstone":20,"minecraft:gray_concrete_powder":8,"minecraft:wooden_pickaxe":1,"minecraft:stone_pickaxe":2,"minecraft:fermented_spider_eye":2},"minecraft:crafted":{"minecraft:oak_planks":24,"minecraft:diamond_axe":1,"minecraft:crafting_table":2,"minecraft:wooden_pickaxe":1,"minecraft:furnace":3,"minecraft:cobblestone_stairs":12,"minecraft:stone_axe":1,"minecraft:air":0,"minecraft:iron_chestplate":1,"minecraft:diamond_pickaxe":1,"minecraft:iron_axe":1,"minecraft:stick":28,"minecraft:iron_ingot":28,"minecraft:iron_pickaxe":3,"minecraft:stone_pickaxe":2,"minecraft:diamond_boots":1,"minecraft:stone_sword":1,"minecraft:iron_leggings":1,"minecraft:white_bed":3,"minecraft:torch":20,"minecraft:shears":1},"minecraft:killed_by":{"minecraft:player":1,"minecraft:creeper":1,"minecraft:zombie":1,"dweller:nightmare":2},"minecraft:broken":{"minecraft:iron_pickaxe":2},"minecraft:custom":{"minecraft:interact_with_furnace":31,"minecraft:mob_kills":26,"minecraft:interact_with_crafting_table":17,"minecraft:leave_game":9,"minecraft:time_since_death":5370,"minecraft:sleep_in_bed":8,"minecraft:climb_one_cm":1171,"minecraft:time_since_rest":5404,"minecraft:sprint_one_cm":141546,"minecraft:damage_taken":4174,"minecraft:walk_one_cm":223344,"minecraft:drop":28,"minecraft:damage_dealt":4098,"minecraft:swim_one_cm":10503,"minecraft:player_kills":3,"minecraft:fly_one_cm":180302,"minecraft:open_chest":2,"minecraft:crouch_one_cm":44092,"minecraft:play_time":98331,"minecraft:sneak_time":19329,"minecraft:deaths":9,"minecraft:walk_under_water_one_cm":2926,"minecraft:boat_one_cm":82095,"minecraft:jump":1660,"minecraft:walk_on_water_one_cm":22912,"minecraft:total_world_time":98331,"minecraft:fall_one_cm":40724},"minecraft:used":{"minecraft:moss_carpet":1,"minecraft:stone_sword":52,"minecraft:cobblestone_stairs":7,"minecraft:stone_pickaxe":182,"minecraft:oak_planks":2,"minecraft:wooden_pickaxe":5,"minecraft:sandstone":16,"minecraft:rotten_flesh":4,"simpletomb:grave_key":10,"minecraft:white_wool":1,"minecraft:torch":12,"minecraft:dirt":4,"minecraft:crafting_table":7,"minecraft:white_bed":9,"born_in_chaos_v1:corpse_maggot":6,"minecraft:iron_axe":77,"minecraft:iron_pickaxe":611,"minecraft:spruce_sapling":1,"minecraft:stone_axe":4,"minecraft:cobblestone":179,"minecraft:sweet_berries":143,"minecraft:furnace":7,"minecraft:andesite":34,"minecraft:egg":1,"minecraft:cobbled_deepslate":5},"minecraft:mined":{"minecraft:deepslate_redstone_ore":1,"minecraft:diamond_ore":1,"minecraft:tuff":24,"minecraft:flowering_azalea":1,"minecraft:white_bed":7,"minecraft:deepslate_diamond_ore":18,"born_in_chaos_v1:infected_diamond_ore":1,"minecraft:clay":2,"minecraft:crafting_table":4,"minecraft:cave_vines_plant":3,"minecraft:grass_block":4,"born_in_chaos_v1:black_argillite":16,"minecraft:deepslate_gold_ore":6,"minecraft:copper_ore":1,"minecraft:cobblestone":26,"minecraft:spruce_leaves":1,"minecraft:lapis_ore":6,"minecraft:sugar_cane":2,"minecraft:sandstone":16,"minecraft:seagrass":1,"minecraft:redstone_ore":3,"minecraft:furnace":5,"minecraft:iron_ore":62,"minecraft:sweet_berry_bush":24,"minecraft:birch_leaves":2,"minecraft:andesite":154,"minecraft:deepslate_lapis_ore":1,"minecraft:grass":4,"minecraft:oak_log":13,"minecraft:coal_ore":52,"minecraft:deepslate_iron_ore":16,"minecraft:vine":1,"minecraft:gravel":8,"minecraft:dirt":10,"minecraft:azalea":1,"minecraft:stone":242,"minecraft:white_wool":1,"minecraft:deepslate":129}},"DataVersion":3120}