{"stats":{"minecraft:picked_up":{"minecraft:raw_iron":1,"minecraft:sweet_berries":9,"minecraft:oak_log":8,"minecraft:white_wool":7,"minecraft:coal":15,"minecraft:cobblestone":14},"minecraft:dropped":{"minecraft:wooden_pickaxe":1},"minecraft:crafted":{"minecraft:stone_sword":1,"minecraft:oak_planks":24,"minecraft:shears":1,"minecraft:stick":16,"minecraft:air":0,"minecraft:iron_ingot":2,"minecraft:wooden_pickaxe":1,"minecraft:stone_pickaxe":1},"minecraft:custom":{"minecraft:time_since_rest":6952,"minecraft:interact_with_furnace":2,"minecraft:crouch_one_cm":3512,"minecraft:play_time":6952,"minecraft:sprint_one_cm":19003,"minecraft:damage_taken":179,"minecraft:walk_one_cm":16102,"minecraft:sneak_time":1381,"minecraft:drop":1,"minecraft:jump":165,"minecraft:time_since_death":6952,"minecraft:walk_on_water_one_cm":2564,"minecraft:total_world_time":6952,"minecraft:climb_one_cm":482,"minecraft:interact_with_crafting_table":3,"minecraft:fall_one_cm":2605,"minecraft:fly_one_cm":15811},"minecraft:used":{"minecraft:sweet_berries":10,"minecraft:stone_pickaxe":27,"minecraft:wooden_pickaxe":5},"minecraft:mined":{"minecraft:coal_ore":15,"minecraft:oak_log":8,"minecraft:vine":1,"minecraft:sweet_berry_bush":6,"minecraft:cobblestone":1,"minecraft:stone":16}},"DataVersion":3120}