{"stats":{"minecraft:picked_up":{"born_in_chaos_v1:corpse_maggot":4,"born_in_chaos_v1:diamond_termite_shard":4,"minecraft:crafting_table":4,"minecraft:clay_ball":8,"minecraft:andesite":2,"butchercraft:pork_scraps":3,"minecraft:oak_log":13,"minecraft:lapis_lazuli":13,"born_in_chaos_v1:black_argillite":16,"minecraft:dirt":31,"minecraft:moss_carpet":11,"minecraft:raw_copper":5,"minecraft:bone":1,"minecraft:wheat_seeds":3,"minecraft:cobbled_deepslate":1,"minecraft:oak_boat":1,"minecraft:stone_pickaxe":1,"minecraft:iron_ingot":10,"minecraft:azalea":6,"minecraft:sugar_cane":1,"minecraft:egg":1,"minecraft:furnace":2,"minecraft:raw_iron":23,"minecraft:sandstone":10,"minecraft:sweet_berries":47,"minecraft:torch":2,"minecraft:spruce_sapling":1,"minecraft:white_bed":2,"butchercraft:leather_scrap":7,"minecraft:rotten_flesh":3,"minecraft:tropical_fish":2,"butchercraft:beef_scraps":7,"minecraft:glow_berries":1,"minecraft:coal":121,"minecraft:white_wool":27,"minecraft:cobblestone":151},"minecraft:killed":{"minecraft:pig":1,"born_in_chaos_v1:diamond_termite":1,"born_in_chaos_v1:baby_skeleton":1,"minecraft:skeleton":1,"minecraft:chicken":1,"born_in_chaos_v1:corpse_fly":1,"minecraft:cow":4},"minecraft:dropped":{"minecraft:stone_axe":1,"minecraft:stone_sword":1,"minecraft:raw_iron":13,"minecraft:white_bed":1,"born_in_chaos_v1:black_argillite":9,"minecraft:wooden_pickaxe":1,"minecraft:stone_pickaxe":2},"minecraft:crafted":{"minecraft:oak_planks":24,"minecraft:crafting_table":2,"minecraft:wooden_pickaxe":1,"minecraft:furnace":3,"minecraft:cobblestone_stairs":12,"minecraft:stone_axe":1,"minecraft:air":0,"minecraft:iron_chestplate":1,"minecraft:iron_axe":1,"minecraft:stick":20,"minecraft:iron_ingot":15,"minecraft:iron_pickaxe":1,"minecraft:stone_pickaxe":2,"minecraft:stone_sword":1,"minecraft:iron_leggings":1,"minecraft:white_bed":3,"minecraft:torch":8,"minecraft:shears":1},"minecraft:killed_by":{"dweller:nightmare":1},"minecraft:custom":{"minecraft:interact_with_furnace":21,"minecraft:mob_kills":11,"minecraft:interact_with_crafting_table":13,"minecraft:leave_game":7,"minecraft:time_since_death":9425,"minecraft:sleep_in_bed":7,"minecraft:climb_one_cm":956,"minecraft:time_since_rest":1224,"minecraft:sprint_one_cm":105761,"minecraft:damage_taken":2903,"minecraft:walk_one_cm":129151,"minecraft:drop":10,"minecraft:damage_dealt":1724,"minecraft:swim_one_cm":10503,"minecraft:player_kills":2,"minecraft:fly_one_cm":137879,"minecraft:crouch_one_cm":18552,"minecraft:play_time":58040,"minecraft:deaths":5,"minecraft:sneak_time":8090,"minecraft:walk_under_water_one_cm":2926,"minecraft:boat_one_cm":82095,"minecraft:jump":1088,"minecraft:walk_on_water_one_cm":22455,"minecraft:total_world_time":58040,"minecraft:fall_one_cm":27683},"minecraft:used":{"minecraft:moss_carpet":1,"minecraft:stone_sword":52,"minecraft:cobblestone_stairs":7,"minecraft:stone_pickaxe":182,"minecraft:oak_planks":2,"minecraft:wooden_pickaxe":5,"minecraft:rotten_flesh":3,"simpletomb:grave_key":4,"minecraft:white_wool":1,"minecraft:torch":3,"minecraft:crafting_table":7,"minecraft:white_bed":5,"born_in_chaos_v1:corpse_maggot":4,"minecraft:iron_axe":21,"minecraft:iron_pickaxe":104,"minecraft:spruce_sapling":1,"minecraft:stone_axe":4,"minecraft:cobblestone":47,"minecraft:sweet_berries":143,"minecraft:furnace":3,"minecraft:egg":1},"minecraft:mined":{"minecraft:white_bed":3,"minecraft:flowering_azalea":1,"born_in_chaos_v1:infected_diamond_ore":1,"minecraft:clay":2,"minecraft:crafting_table":4,"minecraft:cave_vines_plant":3,"minecraft:grass_block":3,"born_in_chaos_v1:black_argillite":16,"minecraft:copper_ore":1,"minecraft:cobblestone":14,"minecraft:spruce_leaves":1,"minecraft:lapis_ore":2,"minecraft:sugar_cane":2,"minecraft:sandstone":16,"minecraft:seagrass":1,"minecraft:furnace":3,"minecraft:iron_ore":22,"minecraft:sweet_berry_bush":24,"minecraft:andesite":2,"minecraft:birch_leaves":2,"minecraft:deepslate_lapis_ore":1,"minecraft:grass":3,"minecraft:oak_log":13,"minecraft:coal_ore":39,"minecraft:vine":1,"minecraft:dirt":7,"minecraft:azalea":1,"minecraft:stone":161,"minecraft:white_wool":1,"minecraft:deepslate":1}},"DataVersion":3120}