{"stats":{"minecraft:picked_up":{"born_in_chaos_v1:diamond_termite_shard":4,"minecraft:crafting_table":6,"minecraft:clay_ball":8,"butchercraft:pork_scraps":3,"born_in_chaos_v1:black_argillite":16,"minecraft:string":1,"minecraft:moss_carpet":11,"minecraft:raw_copper":5,"minecraft:cobbled_deepslate":73,"minecraft:oak_boat":1,"minecraft:azalea":6,"minecraft:sugar_cane":1,"minecraft:egg":1,"minecraft:furnace":6,"minecraft:raw_iron":79,"minecraft:stick":2,"minecraft:sandstone":50,"minecraft:torch":2,"minecraft:redstone":18,"minecraft:rotten_flesh":17,"minecraft:tropical_fish":2,"butchercraft:beef_scraps":7,"minecraft:glow_berries":1,"minecraft:white_wool":27,"minecraft:cobblestone":303,"born_in_chaos_v1:corpse_maggot":6,"minecraft:feather":3,"minecraft:andesite":166,"minecraft:flint":4,"minecraft:oak_log":17,"minecraft:lapis_lazuli":42,"minecraft:dirt":35,"minecraft:gray_concrete_powder":8,"minecraft:bone":3,"minecraft:wheat_seeds":4,"minecraft:raw_gold":6,"minecraft:stone_pickaxe":1,"minecraft:iron_ingot":25,"minecraft:sweet_berries":47,"minecraft:quartz":1,"minecraft:gravel":3,"minecraft:spruce_sapling":1,"minecraft:white_bed":6,"minecraft:fermented_spider_eye":2,"butchercraft:leather_scrap":7,"minecraft:diamond":38,"minecraft:lever":1,"minecraft:coal":261},"minecraft:killed":{"minecraft:spider":1,"born_in_chaos_v1:maggot":2,"minecraft:skeleton":1,"minecraft:chicken":1,"minecraft:pig":1,"born_in_chaos_v1:diamond_termite":1,"born_in_chaos_v1:baby_skeleton":1,"born_in_chaos_v1:decrepit_skeleton":1,"kevin_trophy:blister_zombie":2,"minecraft:zombie":6,"born_in_chaos_v1:corpse_fly":3,"born_in_chaos_v1:siamese_skeletonsleft":1,"minecraft:cow":4},"minecraft:dropped":{"minecraft:oak_log":4,"minecraft:crafting_table":1,"minecraft:feather":3,"minecraft:coal":3,"born_in_chaos_v1:black_argillite":9,"minecraft:fermented_spider_eye":2,"minecraft:stone_axe":1,"minecraft:moss_carpet":10,"minecraft:stone_sword":1,"minecraft:raw_iron":13,"minecraft:rotten_flesh":13,"minecraft:white_bed":1,"minecraft:andesite":14,"minecraft:gray_concrete_powder":8,"minecraft:sandstone":20,"minecraft:stone_pickaxe":2,"minecraft:wooden_pickaxe":1},"minecraft:crafted":{"minecraft:oak_planks":24,"minecraft:furnace":3,"minecraft:cobblestone_stairs":12,"minecraft:iron_axe":1,"minecraft:stone_pickaxe":2,"minecraft:diamond_boots":1,"minecraft:diamond_axe":1,"minecraft:crafting_table":2,"minecraft:wooden_pickaxe":1,"minecraft:iron_helmet":1,"minecraft:stone_axe":1,"minecraft:air":0,"minecraft:iron_chestplate":1,"minecraft:diamond_pickaxe":1,"minecraft:stick":28,"minecraft:iron_ingot":62,"minecraft:iron_pickaxe":4,"minecraft:stone_sword":1,"minecraft:iron_leggings":1,"minecraft:white_bed":3,"minecraft:torch":20,"minecraft:shears":1},"minecraft:killed_by":{"minecraft:player":2,"minecraft:creeper":1,"minecraft:zombie":1,"dweller:nightmare":3},"minecraft:broken":{"minecraft:iron_pickaxe":3},"minecraft:custom":{"minecraft:mob_kills":27,"minecraft:interact_with_crafting_table":19,"minecraft:leave_game":9,"minecraft:time_since_death":2591,"minecraft:climb_one_cm":1171,"minecraft:sprint_one_cm":166040,"minecraft:walk_one_cm":258788,"minecraft:drop":29,"minecraft:play_time":110331,"minecraft:deaths":19,"minecraft:sneak_time":20230,"minecraft:walk_under_water_one_cm":2926,"minecraft:boat_one_cm":82095,"minecraft:jump":1899,"minecraft:walk_on_water_one_cm":22912,"minecraft:total_world_time":110331,"minecraft:interact_with_furnace":38,"minecraft:sleep_in_bed":13,"minecraft:time_since_rest":2619,"minecraft:damage_taken":6842,"minecraft:damage_dealt":4303,"minecraft:swim_one_cm":10503,"minecraft:fly_one_cm":200652,"minecraft:player_kills":5,"minecraft:open_chest":4,"minecraft:crouch_one_cm":47489,"minecraft:fall_one_cm":43510},"minecraft:used":{"minecraft:moss_carpet":1,"minecraft:stone_sword":52,"minecraft:rotten_flesh":4,"simpletomb:grave_key":12,"minecraft:torch":12,"minecraft:dirt":4,"born_in_chaos_v1:corpse_maggot":6,"minecraft:iron_axe":79,"minecraft:iron_helmet":1,"minecraft:sweet_berries":143,"minecraft:furnace":7,"minecraft:egg":1,"minecraft:cobbled_deepslate":5,"minecraft:pumpkin":3,"minecraft:cobblestone_stairs":7,"minecraft:stone_pickaxe":182,"minecraft:oak_planks":2,"minecraft:wooden_pickaxe":5,"minecraft:sandstone":19,"minecraft:white_wool":1,"minecraft:crafting_table":7,"minecraft:white_bed":9,"minecraft:iron_pickaxe":669,"minecraft:spruce_sapling":1,"minecraft:stone_axe":4,"minecraft:cobblestone":306,"minecraft:andesite":34},"minecraft:mined":{"minecraft:diamond_ore":1,"minecraft:tuff":24,"minecraft:white_bed":7,"minecraft:deepslate_diamond_ore":18,"born_in_chaos_v1:infected_diamond_ore":1,"minecraft:cave_vines_plant":3,"minecraft:grass_block":4,"born_in_chaos_v1:black_argillite":16,"minecraft:spruce_leaves":1,"minecraft:sandstone":16,"minecraft:redstone_ore":3,"minecraft:furnace":7,"minecraft:iron_ore":62,"minecraft:andesite":160,"minecraft:deepslate_lapis_ore":1,"minecraft:vine":1,"minecraft:deepslate_iron_ore":16,"minecraft:azalea":1,"minecraft:stone":286,"minecraft:white_wool":1,"minecraft:deepslate_redstone_ore":1,"minecraft:flowering_azalea":1,"minecraft:crafting_table":4,"minecraft:clay":2,"minecraft:copper_ore":1,"minecraft:cobblestone":30,"minecraft:lapis_ore":6,"minecraft:deepslate_gold_ore":6,"minecraft:sugar_cane":2,"minecraft:seagrass":1,"minecraft:sweet_berry_bush":24,"minecraft:birch_leaves":2,"minecraft:grass":4,"minecraft:coal_ore":52,"minecraft:oak_log":13,"minecraft:dirt":10,"minecraft:gravel":8,"minecraft:deepslate":129}},"DataVersion":3120}