{"stats":{"minecraft:picked_up":{"minecraft:raw_iron":3,"minecraft:sweet_berries":34,"minecraft:oak_log":8,"minecraft:spruce_sapling":1,"minecraft:coal":25,"minecraft:white_wool":7,"minecraft:cobblestone":41},"minecraft:dropped":{"minecraft:wooden_pickaxe":1,"minecraft:white_bed":1},"minecraft:crafted":{"minecraft:oak_planks":24,"minecraft:stick":16,"minecraft:wooden_pickaxe":1,"minecraft:iron_ingot":2,"minecraft:stone_pickaxe":1,"minecraft:stone_sword":1,"minecraft:white_bed":2,"minecraft:shears":1,"minecraft:air":0},"minecraft:custom":{"minecraft:time_since_rest":2225,"minecraft:interact_with_furnace":2,"minecraft:sprint_one_cm":36291,"minecraft:damage_taken":529,"minecraft:walk_one_cm":32858,"minecraft:drop":2,"minecraft:damage_dealt":15,"minecraft:swim_one_cm":4840,"minecraft:interact_with_crafting_table":4,"minecraft:fly_one_cm":35335,"minecraft:crouch_one_cm":6811,"minecraft:play_time":15182,"minecraft:sneak_time":2734,"minecraft:walk_under_water_one_cm":1620,"minecraft:jump":340,"minecraft:leave_game":2,"minecraft:walk_on_water_one_cm":5809,"minecraft:time_since_death":15182,"minecraft:sleep_in_bed":1,"minecraft:climb_one_cm":639,"minecraft:total_world_time":15182,"minecraft:fall_one_cm":5891},"minecraft:used":{"minecraft:stone_pickaxe":69,"minecraft:wooden_pickaxe":5,"minecraft:spruce_sapling":1,"simpletomb:grave_key":1,"minecraft:cobblestone":2,"minecraft:sweet_berries":36,"minecraft:white_bed":1},"minecraft:mined":{"minecraft:iron_ore":2,"minecraft:sweet_berry_bush":18,"minecraft:birch_leaves":1,"minecraft:oak_log":8,"minecraft:coal_ore":25,"minecraft:vine":1,"minecraft:cobblestone":2,"minecraft:spruce_leaves":1,"minecraft:stone":43}},"DataVersion":3120}