{"stats":{"minecraft:dropped":{"minecraft:oak_log":4,"minecraft:crafting_table":1,"minecraft:feather":3,"minecraft:coal":3,"born_in_chaos_v1:black_argillite":9,"minecraft:chain":1,"minecraft:fermented_spider_eye":2,"minecraft:stone_axe":1,"minecraft:moss_carpet":10,"minecraft:stone_sword":1,"born_in_chaos_v1:ethereal_spirit":3,"minecraft:raw_iron":13,"minecraft:rotten_flesh":16,"minecraft:white_bed":1,"minecraft:andesite":14,"minecraft:gray_concrete_powder":8,"minecraft:sandstone":20,"minecraft:wooden_pickaxe":1,"minecraft:stone_pickaxe":2},"minecraft:used":{"minecraft:moss_carpet":1,"minecraft:stone_sword":52,"minecraft:iron_shovel":68,"minecraft:chest":1,"minecraft:rotten_flesh":4,"simpletomb:grave_key":25,"minecraft:torch":15,"minecraft:dirt":59,"minecraft:spruce_fence":16,"born_in_chaos_v1:corpse_maggot":12,"minecraft:iron_axe":93,"minecraft:iron_helmet":1,"minecraft:sweet_berries":143,"minecraft:furnace":7,"minecraft:egg":2,"minecraft:cobbled_deepslate":5,"minecraft:pumpkin":3,"minecraft:wheat_seeds":36,"minecraft:water_bucket":43,"minecraft:cobblestone_stairs":7,"minecraft:stone_pickaxe":182,"minecraft:oak_planks":2,"minecraft:wooden_pickaxe":5,"minecraft:sandstone":19,"minecraft:diamond_axe":90,"minecraft:white_wool":1,"minecraft:crafting_table":7,"minecraft:white_bed":12,"minecraft:wooden_hoe":33,"minecraft:diamond_pickaxe":19,"minecraft:iron_pickaxe":918,"minecraft:spruce_sapling":1,"minecraft:gravel":1,"minecraft:stone_axe":4,"minecraft:cobblestone":331,"butchercraft:cooked_chicken_scraps":3,"minecraft:andesite":34,"minecraft:bucket":45,"minecraft:bone_meal":8},"minecraft:mined":{"minecraft:diamond_ore":1,"minecraft:tuff":24,"minecraft:white_bed":9,"minecraft:deepslate_diamond_ore":22,"born_in_chaos_v1:infected_diamond_ore":1,"minecraft:cave_vines_plant":3,"minecraft:spruce_fence":2,"minecraft:grass_block":45,"born_in_chaos_v1:black_argillite":16,"minecraft:spruce_leaves":1,"minecraft:sandstone":16,"minecraft:large_fern":8,"minecraft:redstone_ore":3,"minecraft:furnace":7,"minecraft:iron_ore":79,"minecraft:andesite":211,"minecraft:deepslate_lapis_ore":1,"minecraft:deepslate_iron_ore":32,"minecraft:vine":1,"minecraft:azalea":1,"minecraft:stone":347,"minecraft:white_wool":1,"minecraft:deepslate_redstone_ore":1,"minecraft:flowering_azalea":1,"minecraft:clay":2,"minecraft:crafting_table":4,"minecraft:tall_grass":26,"minecraft:copper_ore":1,"minecraft:cobblestone":48,"minecraft:lapis_ore":6,"minecraft:deepslate_gold_ore":6,"minecraft:sugar_cane":5,"minecraft:seagrass":1,"minecraft:wheat":4,"minecraft:sweet_berry_bush":24,"minecraft:birch_leaves":2,"minecraft:grass":188,"minecraft:oak_log":13,"minecraft:coal_ore":62,"minecraft:gravel":9,"minecraft:dirt":31,"minecraft:deepslate":218,"minecraft:fern":25},"minecraft:killed":{"born_in_chaos_v1:restless_spirit":1,"born_in_chaos_v1:skeleton_demoman":1,"minecraft:spider":1,"born_in_chaos_v1:maggot":5,"minecraft:skeleton":1,"minecraft:chicken":3,"born_in_chaos_v1:corpse_fish":1,"minecraft:pig":1,"born_in_chaos_v1:diamond_termite":1,"born_in_chaos_v1:baby_skeleton":1,"born_in_chaos_v1:swarmer":1,"born_in_chaos_v1:decrepit_skeleton":1,"kevin_trophy:blister_zombie":2,"minecraft:zombie":16,"born_in_chaos_v1:corpse_fly":10,"born_in_chaos_v1:siamese_skeletonsleft":1,"minecraft:cow":4},"minecraft:crafted":{"minecraft:oak_planks":24,"minecraft:furnace":3,"minecraft:cobblestone_stairs":12,"minecraft:spruce_fence":24,"minecraft:iron_axe":1,"minecraft:stone_pickaxe":2,"minecraft:chest":1,"minecraft:diamond_boots":1,"minecraft:diamond_axe":1,"minecraft:crafting_table":2,"minecraft:spruce_planks":52,"minecraft:wooden_pickaxe":1,"minecraft:iron_helmet":1,"minecraft:bucket":2,"minecraft:stone_axe":1,"minecraft:air":0,"minecraft:iron_chestplate":1,"minecraft:wooden_hoe":1,"minecraft:diamond_pickaxe":1,"minecraft:stick":68,"minecraft:iron_ingot":62,"minecraft:iron_pickaxe":4,"minecraft:stone_sword":1,"minecraft:iron_shovel":1,"minecraft:iron_leggings":1,"minecraft:white_bed":3,"minecraft:torch":20,"minecraft:shears":1,"minecraft:diamond_chestplate":1},"minecraft:killed_by":{"minecraft:player":5,"born_in_chaos_v1:nightmare_stalker":1,"minecraft:creeper":2,"man:managgresive":1,"minecraft:zombie":1,"dweller:nightmare":9,"born_in_chaos_v1:dread_hound":1},"minecraft:broken":{"minecraft:iron_axe":1,"minecraft:iron_pickaxe":4},"minecraft:picked_up":{"born_in_chaos_v1:diamond_termite_shard":4,"minecraft:crafting_table":6,"minecraft:wheat":4,"minecraft:clay_ball":8,"butchercraft:pork_scraps":3,"minecraft:chain":1,"born_in_chaos_v1:black_argillite":16,"minecraft:string":1,"minecraft:moss_carpet":11,"minecraft:raw_copper":5,"minecraft:cobbled_deepslate":162,"minecraft:oak_boat":1,"born_in_chaos_v1:gnawed_bones":1,"minecraft:azalea":6,"minecraft:sugar_cane":7,"minecraft:furnace":6,"minecraft:egg":2,"minecraft:stick":2,"minecraft:raw_iron":112,"minecraft:sandstone":50,"minecraft:torch":3,"minecraft:spruce_fence":2,"butchercraft:cooked_chicken_scraps":3,"minecraft:redstone":18,"butchercraft:chicken_scraps":3,"minecraft:rotten_flesh":29,"minecraft:tropical_fish":2,"butchercraft:beef_scraps":7,"minecraft:glow_berries":1,"minecraft:white_wool":27,"minecraft:cobblestone":382,"born_in_chaos_v1:corpse_maggot":12,"minecraft:feather":4,"minecraft:andesite":217,"minecraft:flint":4,"minecraft:oak_log":17,"minecraft:gunpowder":2,"minecraft:lapis_lazuli":42,"minecraft:dirt":110,"minecraft:gray_concrete_powder":8,"born_in_chaos_v1:monster_skin":1,"minecraft:bone":5,"minecraft:wheat_seeds":39,"minecraft:raw_gold":6,"minecraft:stone_pickaxe":1,"minecraft:iron_ingot":25,"minecraft:sweet_berries":47,"born_in_chaos_v1:ethereal_spirit":3,"minecraft:quartz":1,"minecraft:gravel":4,"minecraft:spruce_sapling":1,"minecraft:white_bed":9,"minecraft:fermented_spider_eye":2,"butchercraft:leather_scrap":7,"minecraft:slime_ball":1,"minecraft:diamond":42,"minecraft:lever":1,"born_in_chaos_v1:rotten_fish":1,"minecraft:coal":271},"minecraft:custom":{"minecraft:mob_kills":53,"minecraft:animals_bred":2,"minecraft:interact_with_crafting_table":25,"minecraft:interact_with_campfire":3,"minecraft:leave_game":11,"minecraft:time_since_death":720,"minecraft:climb_one_cm":1319,"minecraft:sprint_one_cm":270425,"minecraft:walk_one_cm":401735,"minecraft:drop":34,"minecraft:play_time":159212,"minecraft:deaths":36,"minecraft:sneak_time":26707,"minecraft:walk_under_water_one_cm":4900,"minecraft:boat_one_cm":82095,"minecraft:jump":2729,"minecraft:walk_on_water_one_cm":29516,"minecraft:total_world_time":159212,"minecraft:interact_with_furnace":41,"minecraft:sleep_in_bed":16,"minecraft:time_since_rest":751,"minecraft:damage_taken":11300,"minecraft:damage_dealt":8848,"minecraft:swim_one_cm":15131,"minecraft:fly_one_cm":368838,"minecraft:player_kills":5,"minecraft:open_chest":11,"minecraft:crouch_one_cm":63877,"minecraft:fall_one_cm":62383}},"DataVersion":3120}