{"stats":{"minecraft:dropped":{"minecraft:stone_axe":1,"minecraft:wooden_axe":1,"simpletomb:grave_key":2,"minecraft:wooden_pickaxe":1},"minecraft:mined":{"minecraft:purple_bed":6,"minecraft:spruce_planks":7,"minecraft:furnace":1,"minecraft:iron_ore":9,"minecraft:spruce_log":13,"minecraft:andesite":9,"minecraft:crafting_table":4,"minecraft:grass":1,"minecraft:grass_block":1,"minecraft:oak_log":5,"minecraft:coal_ore":18,"minecraft:cobblestone":13,"minecraft:spruce_leaves":1,"minecraft:stone":77,"minecraft:wall_torch":1,"minecraft:oak_leaves":10},"minecraft:used":{"minecraft:wooden_axe":29,"minecraft:stone_pickaxe":69,"minecraft:bread":3,"minecraft:iron_pickaxe":28,"minecraft:wooden_pickaxe":32,"minecraft:spruce_planks":9,"minecraft:torch":17,"simpletomb:grave_key":23,"minecraft:stone_axe":4,"minecraft:dirt":1,"minecraft:cobblestone":54,"minecraft:purple_bed":6,"minecraft:crafting_table":5,"minecraft:furnace":2,"minecraft:andesite":1,"minecraft:spruce_log":6},"minecraft:killed":{"minecraft:cow":1},"minecraft:crafted":{"minecraft:oak_planks":8,"minecraft:crafting_table":2,"minecraft:spruce_planks":28,"minecraft:stick":20,"minecraft:iron_helmet":1,"minecraft:wooden_pickaxe":2,"minecraft:iron_ingot":9,"minecraft:iron_pickaxe":1,"minecraft:stone_pickaxe":1,"minecraft:wooden_axe":2,"minecraft:furnace":1,"minecraft:torch":24,"minecraft:stone_axe":1,"minecraft:air":0},"minecraft:killed_by":{"minecraft:skeleton":1},"minecraft:picked_up":{"minecraft:crafting_table":4,"minecraft:raw_iron":9,"minecraft:andesite":7,"minecraft:torch":1,"minecraft:oak_log":5,"minecraft:spruce_log":13,"simpletomb:grave_key":1,"minecraft:dirt":1,"butchercraft:leather_scrap":1,"minecraft:purple_bed":6,"minecraft:stone_axe":1,"minecraft:spruce_planks":7,"butchercraft:beef_scraps":3,"minecraft:coal":22,"minecraft:cobblestone":85,"minecraft:furnace":1},"minecraft:custom":{"minecraft:time_since_rest":337,"minecraft:interact_with_furnace":3,"minecraft:sprint_one_cm":56158,"minecraft:damage_taken":6760,"minecraft:walk_one_cm":46282,"minecraft:mob_kills":1,"minecraft:drop":5,"minecraft:damage_dealt":190,"minecraft:interact_with_crafting_table":7,"minecraft:swim_one_cm":8509,"minecraft:fly_one_cm":65140,"minecraft:open_chest":2,"minecraft:crouch_one_cm":12276,"minecraft:play_time":34198,"minecraft:deaths":26,"minecraft:sneak_time":4219,"minecraft:walk_under_water_one_cm":1690,"minecraft:jump":577,"minecraft:leave_game":3,"minecraft:time_since_death":0,"minecraft:walk_on_water_one_cm":4426,"minecraft:sleep_in_bed":8,"minecraft:total_world_time":34198,"minecraft:climb_one_cm":2388,"minecraft:fall_one_cm":12090}},"DataVersion":3120}