{"stats":{"minecraft:mined":{"minecraft:oak_log":2},"minecraft:picked_up":{"minecraft:oak_log":2},"minecraft:custom":{"minecraft:jump":63,"minecraft:time_since_rest":2929,"minecraft:walk_on_water_one_cm":2474,"minecraft:crouch_one_cm":281,"minecraft:sprint_one_cm":8828,"minecraft:play_time":2929,"minecraft:damage_taken":30,"minecraft:time_since_death":2929,"minecraft:walk_one_cm":4865,"minecraft:sneak_time":60,"minecraft:climb_one_cm":1341,"minecraft:total_world_time":2929,"minecraft:walk_under_water_one_cm":453,"minecraft:swim_one_cm":7777,"minecraft:fall_one_cm":1718,"minecraft:fly_one_cm":13245}},"DataVersion":3120}