{"stats":{"minecraft:dropped":{"minecraft:stone_axe":1,"minecraft:wooden_axe":1,"simpletomb:grave_key":2,"minecraft:wooden_pickaxe":1},"minecraft:used":{"minecraft:wooden_axe":29,"minecraft:bread":3,"minecraft:stone_pickaxe":56,"minecraft:spruce_planks":9,"minecraft:wooden_pickaxe":32,"minecraft:torch":10,"minecraft:stone_axe":3,"simpletomb:grave_key":5,"minecraft:dirt":1,"minecraft:cobblestone":25,"minecraft:purple_bed":5,"minecraft:crafting_table":4,"minecraft:furnace":1,"minecraft:andesite":1,"minecraft:spruce_log":6},"minecraft:mined":{"minecraft:purple_bed":6,"minecraft:spruce_planks":7,"minecraft:iron_ore":9,"minecraft:spruce_log":13,"minecraft:andesite":2,"minecraft:crafting_table":3,"minecraft:grass":1,"minecraft:grass_block":1,"minecraft:coal_ore":18,"minecraft:oak_log":5,"minecraft:cobblestone":12,"minecraft:spruce_leaves":1,"minecraft:stone":46,"minecraft:oak_leaves":10},"minecraft:killed":{"minecraft:cow":1},"minecraft:crafted":{"minecraft:oak_planks":8,"minecraft:crafting_table":2,"minecraft:spruce_planks":28,"minecraft:stick":20,"minecraft:iron_pickaxe":1,"minecraft:iron_helmet":1,"minecraft:iron_ingot":9,"minecraft:wooden_pickaxe":2,"minecraft:stone_pickaxe":1,"minecraft:wooden_axe":2,"minecraft:furnace":1,"minecraft:torch":12,"minecraft:stone_axe":1,"minecraft:air":0},"minecraft:killed_by":{"minecraft:skeleton":1},"minecraft:picked_up":{"minecraft:raw_iron":9,"minecraft:crafting_table":3,"minecraft:andesite":2,"minecraft:oak_log":5,"minecraft:spruce_log":13,"simpletomb:grave_key":1,"minecraft:dirt":1,"butchercraft:leather_scrap":1,"minecraft:purple_bed":6,"minecraft:stone_axe":1,"minecraft:spruce_planks":7,"butchercraft:beef_scraps":3,"minecraft:coal":18,"minecraft:cobblestone":56},"minecraft:custom":{"minecraft:time_since_rest":7123,"minecraft:interact_with_furnace":2,"minecraft:sprint_one_cm":50104,"minecraft:damage_taken":1450,"minecraft:walk_one_cm":34367,"minecraft:mob_kills":1,"minecraft:drop":5,"minecraft:damage_dealt":190,"minecraft:swim_one_cm":8509,"minecraft:interact_with_crafting_table":7,"minecraft:fly_one_cm":63873,"minecraft:open_chest":2,"minecraft:crouch_one_cm":10287,"minecraft:play_time":26684,"minecraft:deaths":5,"minecraft:sneak_time":3538,"minecraft:walk_under_water_one_cm":1690,"minecraft:jump":455,"minecraft:leave_game":2,"minecraft:walk_on_water_one_cm":4426,"minecraft:time_since_death":7095,"minecraft:sleep_in_bed":8,"minecraft:climb_one_cm":2388,"minecraft:total_world_time":26684,"minecraft:fall_one_cm":8926}},"DataVersion":3120}