{"stats":{"minecraft:dropped":{"simpletomb:grave_key":2},"minecraft:used":{"minecraft:wooden_axe":18,"minecraft:bread":3,"minecraft:spruce_planks":7,"minecraft:wooden_pickaxe":21,"simpletomb:grave_key":2,"minecraft:cobblestone":8,"minecraft:purple_bed":3,"minecraft:crafting_table":2,"minecraft:spruce_log":6},"minecraft:mined":{"minecraft:purple_bed":4,"minecraft:spruce_planks":3,"minecraft:spruce_log":9,"minecraft:crafting_table":2,"minecraft:coal_ore":6,"minecraft:oak_log":2,"minecraft:cobblestone":2,"minecraft:spruce_leaves":1,"minecraft:stone":13,"minecraft:oak_leaves":10},"minecraft:killed":{"minecraft:cow":1},"minecraft:crafted":{"minecraft:oak_planks":8,"minecraft:crafting_table":2,"minecraft:spruce_planks":28,"minecraft:stick":8,"minecraft:wooden_pickaxe":2,"minecraft:wooden_axe":2},"minecraft:picked_up":{"minecraft:crafting_table":2,"minecraft:oak_log":2,"minecraft:spruce_log":9,"simpletomb:grave_key":1,"butchercraft:leather_scrap":1,"minecraft:purple_bed":4,"minecraft:spruce_planks":3,"butchercraft:beef_scraps":3,"minecraft:coal":6,"minecraft:cobblestone":15},"minecraft:custom":{"minecraft:time_since_rest":277,"minecraft:sprint_one_cm":38789,"minecraft:damage_taken":1020,"minecraft:walk_one_cm":23505,"minecraft:mob_kills":1,"minecraft:drop":2,"minecraft:damage_dealt":100,"minecraft:swim_one_cm":8509,"minecraft:interact_with_crafting_table":4,"minecraft:fly_one_cm":41033,"minecraft:open_chest":2,"minecraft:crouch_one_cm":2554,"minecraft:play_time":14928,"minecraft:deaths":3,"minecraft:sneak_time":1008,"minecraft:walk_under_water_one_cm":1690,"minecraft:jump":279,"minecraft:leave_game":1,"minecraft:walk_on_water_one_cm":4426,"minecraft:time_since_death":472,"minecraft:sleep_in_bed":6,"minecraft:climb_one_cm":2388,"minecraft:total_world_time":14928,"minecraft:fall_one_cm":6031}},"DataVersion":3120}