{"stats":{"minecraft:dropped":{"minecraft:stone_axe":1,"minecraft:wooden_axe":1,"simpletomb:grave_key":2,"minecraft:wooden_pickaxe":1},"minecraft:mined":{"minecraft:purple_bed":6,"minecraft:spruce_planks":7,"minecraft:furnace":1,"minecraft:iron_ore":9,"minecraft:spruce_log":13,"minecraft:andesite":5,"minecraft:crafting_table":4,"minecraft:grass":1,"minecraft:grass_block":1,"minecraft:oak_log":5,"minecraft:coal_ore":18,"minecraft:cobblestone":13,"minecraft:spruce_leaves":1,"minecraft:stone":73,"minecraft:wall_torch":1,"minecraft:oak_leaves":10},"minecraft:used":{"minecraft:wooden_axe":29,"minecraft:stone_pickaxe":69,"minecraft:bread":3,"minecraft:iron_pickaxe":20,"minecraft:wooden_pickaxe":32,"minecraft:spruce_planks":9,"minecraft:torch":12,"simpletomb:grave_key":20,"minecraft:stone_axe":4,"minecraft:dirt":1,"minecraft:cobblestone":49,"minecraft:purple_bed":6,"minecraft:crafting_table":5,"minecraft:furnace":2,"minecraft:andesite":1,"minecraft:spruce_log":6},"minecraft:killed":{"minecraft:cow":1},"minecraft:crafted":{"minecraft:oak_planks":8,"minecraft:crafting_table":2,"minecraft:spruce_planks":28,"minecraft:stick":20,"minecraft:iron_helmet":1,"minecraft:wooden_pickaxe":2,"minecraft:iron_ingot":9,"minecraft:iron_pickaxe":1,"minecraft:stone_pickaxe":1,"minecraft:wooden_axe":2,"minecraft:furnace":1,"minecraft:torch":12,"minecraft:stone_axe":1,"minecraft:air":0},"minecraft:killed_by":{"minecraft:skeleton":1},"minecraft:picked_up":{"minecraft:crafting_table":4,"minecraft:raw_iron":9,"minecraft:andesite":4,"minecraft:torch":1,"minecraft:oak_log":5,"minecraft:spruce_log":13,"simpletomb:grave_key":1,"minecraft:dirt":1,"butchercraft:leather_scrap":1,"minecraft:purple_bed":6,"minecraft:stone_axe":1,"minecraft:spruce_planks":7,"butchercraft:beef_scraps":3,"minecraft:coal":22,"minecraft:cobblestone":83,"minecraft:furnace":1},"minecraft:custom":{"minecraft:time_since_rest":228,"minecraft:interact_with_furnace":3,"minecraft:sprint_one_cm":55544,"minecraft:damage_taken":5890,"minecraft:walk_one_cm":44202,"minecraft:mob_kills":1,"minecraft:drop":5,"minecraft:damage_dealt":190,"minecraft:interact_with_crafting_table":7,"minecraft:swim_one_cm":8509,"minecraft:fly_one_cm":64820,"minecraft:open_chest":2,"minecraft:crouch_one_cm":12178,"minecraft:play_time":32754,"minecraft:deaths":22,"minecraft:sneak_time":4151,"minecraft:walk_under_water_one_cm":1690,"minecraft:jump":534,"minecraft:leave_game":2,"minecraft:time_since_death":199,"minecraft:walk_on_water_one_cm":4426,"minecraft:sleep_in_bed":8,"minecraft:total_world_time":32754,"minecraft:climb_one_cm":2388,"minecraft:fall_one_cm":11610}},"DataVersion":3120}