{"stats":{"minecraft:killed_by":{"minecraft:skeleton":2,"minecraft:creeper":1,"minecraft:spider":1,"minecraft:zombie":1},"minecraft:picked_up":{"minecraft:pink_petals":34,"minecraft:crafting_table":1,"minecraft:cherry_planks":9,"minecraft:leather":1,"minecraft:brown_wool":2,"minecraft:wooden_pickaxe":2,"minecraft:flint":3,"minecraft:oak_log":46,"spartanweaponry:stone_warhammer":1,"minecraft:gunpowder":2,"minecraft:dirt":56,"minecraft:raw_copper":13,"minecraft:cooked_mutton":3,"minecraft:bone":4,"minecraft:wheat_seeds":3,"alexsmobs:cockroach_wing_fragment":1,"minecraft:beef":3,"minecraft:stone_pickaxe":2,"minecraft:rabbit":2,"minecraft:light_gray_wool":2,"minecraft:oak_planks":2,"minecraft:stick":2,"minecraft:raw_iron":4,"spartanweaponry:stone_battle_hammer":1,"minecraft:torch":4,"minecraft:dandelion":3,"minecraft:gravel":3,"minecraft:cherry_log":17,"minecraft:pointed_dripstone":48,"minecraft:rotten_flesh":4,"minecraft:stone_axe":2,"spartanweaponry:stone_saber":1,"minecraft:granite":19,"minecraft:gray_wool":2,"minecraft:mutton":12,"minecraft:coal":27,"minecraft:white_wool":6,"minecraft:cobblestone":368},"minecraft:crafted":{"minecraft:cooked_beef":3,"minecraft:cherry_planks":52,"minecraft:oak_planks":164,"minecraft:crafting_table":5,"minecraft:wooden_pickaxe":3,"minecraft:furnace":2,"minecraft:stone_axe":1,"minecraft:cooked_mutton":10,"minecraft:air":0,"minecraft:stick":24,"minecraft:stone_pickaxe":3,"minecraft:chest":1,"minecraft:white_bed":1,"minecraft:torch":24},"minecraft:broken":{"minecraft:stone_pickaxe":2},"minecraft:mined":{"minecraft:cherry_planks":2,"minecraft:cherry_log":14,"minecraft:dandelion":4,"minecraft:crafting_table":1,"minecraft:granite":18,"minecraft:grass_block":16,"minecraft:cobblestone":3,"minecraft:tall_grass":1,"minecraft:oak_planks":2,"minecraft:wall_torch":2,"minecraft:pink_petals":1,"minecraft:iron_ore":4,"minecraft:grass":11,"minecraft:pointed_dripstone":7,"minecraft:oak_log":41,"minecraft:coal_ore":36,"minecraft:dripstone_block":1,"minecraft:dirt":20,"minecraft:gravel":5,"minecraft:stone":221,"minecraft:oak_leaves":11},"minecraft:custom":{"minecraft:interact_with_furnace":22,"minecraft:mob_kills":16,"minecraft:interact_with_crafting_table":16,"minecraft:time_since_death":19395,"minecraft:time_since_rest":19430,"minecraft:sprint_one_cm":104932,"minecraft:damage_taken":2184,"minecraft:walk_one_cm":134762,"minecraft:drop":19,"minecraft:damage_dealt":2859,"minecraft:swim_one_cm":11324,"minecraft:fly_one_cm":201382,"minecraft:player_kills":2,"minecraft:open_chest":5,"minecraft:crouch_one_cm":9055,"minecraft:play_time":53236,"minecraft:deaths":6,"minecraft:sneak_time":5996,"minecraft:walk_under_water_one_cm":3836,"minecraft:jump":1303,"minecraft:walk_on_water_one_cm":1084,"minecraft:total_world_time":53236,"minecraft:fall_one_cm":45493},"minecraft:used":{"minecraft:cooked_mutton":12,"minecraft:stone_pickaxe":295,"minecraft:oak_planks":52,"minecraft:chest":1,"minecraft:wooden_pickaxe":43,"minecraft:cherry_planks":5,"minecraft:torch":26,"minecraft:dirt":5,"minecraft:crafting_table":6,"minecraft:white_bed":1,"minecraft:granite":8,"spartanweaponry:stone_battle_hammer":16,"minecraft:stone_axe":84,"minecraft:cobblestone":11,"minecraft:furnace":2},"minecraft:killed":{"hordes:zombie_player":3,"minecraft:zombie_villager":1,"minecraft:rabbit":1,"minecraft:creeper":1,"minecraft:sheep":6,"minecraft:zombie":3,"minecraft:cow":1},"minecraft:dropped":{"minecraft:stone_axe":1,"minecraft:wheat_seeds":2,"minecraft:oak_log":5,"minecraft:light_gray_wool":1,"minecraft:oak_planks":12,"minecraft:cooked_mutton":1,"minecraft:stick":2,"minecraft:flint":1,"minecraft:dirt":11,"minecraft:gray_wool":1,"minecraft:gunpowder":1,"minecraft:mutton":6,"minecraft:brown_wool":1,"minecraft:cherry_planks":9,"minecraft:stone_pickaxe":1,"minecraft:wooden_pickaxe":1,"minecraft:white_wool":3,"minecraft:dandelion":3}},"DataVersion":3465}