{"stats":{"minecraft:killed_by":{"minecraft:player":2},"minecraft:used":{"minecraft:dirt":4},"minecraft:custom":{"minecraft:jump":105,"minecraft:leave_game":1,"minecraft:time_since_rest":590,"minecraft:deaths":2,"minecraft:damage_dealt":484,"minecraft:sprint_one_cm":11822,"minecraft:play_time":3097,"minecraft:damage_taken":554,"minecraft:time_since_death":565,"minecraft:walk_one_cm":10138,"minecraft:total_world_time":3097,"minecraft:drop":1,"minecraft:player_kills":2,"minecraft:fall_one_cm":1875,"minecraft:fly_one_cm":12222},"minecraft:mined":{"minecraft:tall_grass":10,"minecraft:grass":17,"minecraft:grass_block":1,"minecraft:dirt":1},"minecraft:dropped":{"minecraft:wheat_seeds":1},"minecraft:picked_up":{"minecraft:wheat_seeds":1,"minecraft:dirt":4}},"DataVersion":3465}