{"stats":{"minecraft:picked_up":{"minecraft:crafting_table":1,"minecraft:oak_door":1,"minecraft:torch":2,"butchercraft:pork_scraps":7,"minecraft:oak_log":10,"minecraft:dirt":1,"minecraft:apple":1,"minecraft:spruce_planks":2,"minecraft:coal":14,"minecraft:cobblestone":48},"minecraft:killed":{"minecraft:pig":3},"minecraft:crafted":{"minecraft:oak_door":3,"minecraft:oak_planks":40,"minecraft:crafting_table":1,"minecraft:stick":12,"minecraft:wooden_pickaxe":1,"minecraft:stone_pickaxe":2,"minecraft:wooden_axe":1,"minecraft:torch":4,"minecraft:stone_axe":1},"minecraft:killed_by":{"born_in_chaos_v1:bloody_gadfly":1},"minecraft:custom":{"minecraft:time_since_rest":2687,"minecraft:sprint_one_cm":35558,"minecraft:damage_taken":2530,"minecraft:walk_one_cm":29295,"minecraft:mob_kills":3,"minecraft:damage_dealt":320,"minecraft:swim_one_cm":7994,"minecraft:interact_with_crafting_table":9,"minecraft:fly_one_cm":81525,"minecraft:crouch_one_cm":1941,"minecraft:play_time":17662,"minecraft:deaths":10,"minecraft:sneak_time":735,"minecraft:walk_under_water_one_cm":1151,"minecraft:jump":468,"minecraft:leave_game":1,"minecraft:walk_on_water_one_cm":6402,"minecraft:time_since_death":2660,"minecraft:climb_one_cm":3723,"minecraft:total_world_time":17662,"minecraft:fall_one_cm":11110},"minecraft:used":{"minecraft:wooden_axe":5,"minecraft:apple":1,"minecraft:stone_pickaxe":74,"minecraft:wooden_pickaxe":5,"simpletomb:grave_key":3,"minecraft:oak_door":3,"minecraft:torch":1,"minecraft:stone_axe":2,"butchercraft:pork_scraps":1,"minecraft:cobblestone":14,"minecraft:crafting_table":2},"minecraft:mined":{"minecraft:spruce_planks":3,"minecraft:oak_door":1,"minecraft:crafting_table":1,"minecraft:oak_log":10,"minecraft:coal_ore":19,"minecraft:vine":1,"minecraft:dirt":1,"minecraft:cobblestone":2,"minecraft:stone":56,"minecraft:oak_leaves":1,"minecraft:wall_torch":1}},"DataVersion":3120}