{"stats":{"minecraft:killed_by":{"minecraft:creeper":1,"minecraft:zombie":1},"minecraft:picked_up":{"minecraft:pink_petals":34,"minecraft:rotten_flesh":2,"minecraft:wheat_seeds":1,"minecraft:cherry_log":7,"minecraft:dirt":15},"minecraft:crafted":{"minecraft:cherry_planks":12,"minecraft:crafting_table":1,"minecraft:stick":4,"minecraft:wooden_pickaxe":1},"minecraft:mined":{"minecraft:pink_petals":1,"minecraft:grass":1,"minecraft:grass_block":4,"minecraft:dirt":2,"minecraft:cherry_log":4},"minecraft:custom":{"minecraft:time_since_rest":2013,"minecraft:crouch_one_cm":188,"minecraft:play_time":5236,"minecraft:sprint_one_cm":19417,"minecraft:deaths":2,"minecraft:damage_taken":570,"minecraft:walk_one_cm":12918,"minecraft:sneak_time":86,"minecraft:mob_kills":1,"minecraft:jump":182,"minecraft:damage_dealt":221,"minecraft:time_since_death":1986,"minecraft:total_world_time":5236,"minecraft:interact_with_crafting_table":1,"minecraft:fall_one_cm":7798,"minecraft:fly_one_cm":38803},"minecraft:used":{"minecraft:dirt":3,"minecraft:crafting_table":1,"minecraft:wooden_pickaxe":3},"minecraft:killed":{"hordes:zombie_player":1}},"DataVersion":3465}