{"stats":{"minecraft:picked_up":{"born_in_chaos_v1:diamond_termite_shard":1,"minecraft:crafting_table":3,"butchercraft:pork_scraps":7,"born_in_chaos_v1:black_argillite":7,"minecraft:raw_copper":124,"minecraft:cobbled_deepslate":5,"minecraft:spruce_planks":2,"minecraft:iron_pickaxe":1,"minecraft:egg":2,"minecraft:furnace":3,"minecraft:raw_iron":34,"minecraft:sandstone":35,"minecraft:oak_door":1,"minecraft:torch":50,"minecraft:rotten_flesh":3,"butchercraft:chicken_scraps":1,"minecraft:arrow":3,"born_in_chaos_v1:spiny_shell":3,"butchercraft:beef_scraps":1,"minecraft:cobblestone":351,"minecraft:birch_log":4,"born_in_chaos_v1:staffof_magic_arrows":1,"born_in_chaos_v1:corpse_maggot":5,"minecraft:feather":2,"minecraft:andesite":8,"minecraft:flint":1,"minecraft:oak_log":14,"minecraft:gunpowder":1,"minecraft:dirt":22,"minecraft:light_gray_concrete_powder":8,"minecraft:bone":3,"minecraft:apple":1,"minecraft:wheat_seeds":4,"minecraft:raw_gold":2,"minecraft:flowering_azalea":1,"minecraft:sweet_berries":9,"minecraft:poisonous_potato":2,"minecraft:gravel":22,"minecraft:sand":51,"minecraft:ink_sac":4,"minecraft:white_bed":8,"minecraft:fermented_spider_eye":2,"minecraft:light_gray_concrete":5,"minecraft:black_concrete_powder":8,"minecraft:bone_meal":4,"born_in_chaos_v1:rotten_fish":3,"minecraft:black_wool":6,"minecraft:coal":20},"minecraft:killed":{"born_in_chaos_v1:thornshell_crab":1,"minecraft:chicken":1,"born_in_chaos_v1:corpse_fish":3,"minecraft:pig":3,"born_in_chaos_v1:diamond_termite":2,"minecraft:creeper":2,"minecraft:zombie":3,"born_in_chaos_v1:corpse_fly":6,"minecraft:cow":1},"minecraft:dropped":{"minecraft:birch_planks":8,"minecraft:black_dye":1,"minecraft:poisonous_potato":2,"minecraft:stick":1,"minecraft:flint":1,"born_in_chaos_v1:black_argillite":7,"minecraft:ink_sac":1,"butchercraft:cooked_pork_scraps":1,"minecraft:wooden_axe":1,"minecraft:bone_meal":3,"minecraft:iron_pickaxe":1,"minecraft:bone":1,"minecraft:oak_door":1,"minecraft:cobbled_deepslate":2,"minecraft:raw_copper":62,"minecraft:rotten_flesh":3,"minecraft:oak_planks":3,"minecraft:black_concrete_powder":8,"minecraft:spruce_planks":1,"born_in_chaos_v1:diamond_termite_shard":1,"minecraft:gray_concrete_powder":8,"minecraft:wooden_pickaxe":1,"minecraft:light_gray_concrete_powder":8,"minecraft:egg":1},"minecraft:crafted":{"minecraft:black_dye":3,"minecraft:light_gray_concrete_powder":16,"minecraft:oak_door":3,"minecraft:oak_planks":40,"minecraft:stone_shovel":1,"minecraft:furnace":1,"minecraft:gray_dye":2,"minecraft:bone_meal":3,"minecraft:black_concrete_powder":8,"minecraft:stone_pickaxe":2,"minecraft:crafting_table":5,"minecraft:wooden_pickaxe":1,"minecraft:gray_concrete_powder":8,"minecraft:birch_planks":16,"minecraft:stone_axe":1,"minecraft:air":0,"minecraft:oak_boat":1,"butchercraft:cooked_pork_scraps":6,"minecraft:white_dye":2,"minecraft:stick":16,"minecraft:iron_pickaxe":1,"minecraft:iron_ingot":6,"minecraft:wooden_axe":1,"minecraft:light_gray_dye":2,"minecraft:torch":4,"minecraft:shears":1},"minecraft:killed_by":{"minecraft:player":3,"born_in_chaos_v1:bloody_gadfly":1,"born_in_chaos_v1:corpse_fly":1,"dweller:nightmare":2},"minecraft:broken":{"minecraft:stone_pickaxe":1},"minecraft:custom":{"minecraft:mob_kills":25,"minecraft:interact_with_crafting_table":24,"minecraft:leave_game":11,"minecraft:time_since_death":5095,"minecraft:climb_one_cm":5225,"minecraft:sprint_one_cm":209896,"minecraft:walk_one_cm":228760,"minecraft:drop":26,"minecraft:play_time":121690,"minecraft:deaths":23,"minecraft:sneak_time":5045,"minecraft:walk_under_water_one_cm":4042,"minecraft:boat_one_cm":128523,"minecraft:jump":2593,"minecraft:walk_on_water_one_cm":18930,"minecraft:total_world_time":121690,"minecraft:interact_with_furnace":24,"minecraft:sleep_in_bed":14,"minecraft:time_since_rest":5121,"minecraft:damage_taken":6314,"minecraft:damage_dealt":3523,"minecraft:swim_one_cm":45813,"minecraft:fly_one_cm":353622,"minecraft:player_kills":4,"minecraft:crouch_one_cm":13846,"minecraft:fall_one_cm":81246},"minecraft:used":{"butchercraft:chicken_scraps":1,"minecraft:stone_shovel":86,"minecraft:spruce_planks":1,"simpletomb:grave_key":19,"minecraft:oak_door":3,"minecraft:torch":22,"minecraft:dirt":22,"born_in_chaos_v1:corpse_maggot":5,"minecraft:wooden_axe":5,"minecraft:flowering_azalea":1,"minecraft:sweet_berries":15,"minecraft:furnace":2,"minecraft:egg":1,"minecraft:cobbled_deepslate":3,"minecraft:stone_pickaxe":249,"minecraft:wooden_pickaxe":5,"minecraft:sandstone":16,"butchercraft:pork_scraps":1,"minecraft:crafting_table":7,"butchercraft:cooked_pork_scraps":5,"minecraft:white_bed":8,"minecraft:light_gray_concrete_powder":8,"minecraft:apple":1,"minecraft:iron_pickaxe":178,"minecraft:stone_axe":71,"minecraft:cobblestone":143,"born_in_chaos_v1:rotten_fish":3,"minecraft:oak_boat":1},"minecraft:mined":{"minecraft:spruce_planks":3,"minecraft:white_bed":8,"minecraft:oak_door":1,"minecraft:grass_block":2,"minecraft:sandstone":9,"minecraft:furnace":2,"minecraft:iron_ore":33,"minecraft:andesite":8,"minecraft:deepslate_iron_ore":4,"minecraft:vine":1,"minecraft:light_gray_concrete":5,"minecraft:stone":242,"minecraft:crafting_table":3,"minecraft:torch":7,"minecraft:cobblestone":49,"minecraft:copper_ore":17,"minecraft:tall_grass":3,"minecraft:deepslate_gold_ore":2,"minecraft:wall_torch":37,"minecraft:birch_log":5,"minecraft:sweet_berry_bush":4,"minecraft:birch_leaves":1,"minecraft:grass":8,"minecraft:oak_log":14,"minecraft:coal_ore":24,"minecraft:gravel":9,"minecraft:sand":36,"minecraft:dirt":46,"minecraft:oak_leaves":1,"minecraft:fern":1}},"DataVersion":3120}