{"stats":{"minecraft:picked_up":{"minecraft:birch_log":4,"born_in_chaos_v1:corpse_maggot":3,"born_in_chaos_v1:staffof_magic_arrows":1,"born_in_chaos_v1:diamond_termite_shard":1,"minecraft:crafting_table":2,"butchercraft:pork_scraps":7,"minecraft:oak_log":14,"minecraft:gunpowder":1,"born_in_chaos_v1:black_argillite":7,"minecraft:dirt":13,"minecraft:raw_copper":62,"minecraft:bone":1,"minecraft:apple":1,"minecraft:wheat_seeds":4,"minecraft:cobbled_deepslate":2,"minecraft:raw_gold":2,"minecraft:spruce_planks":2,"minecraft:flowering_azalea":1,"minecraft:furnace":3,"minecraft:raw_iron":14,"minecraft:oak_door":1,"minecraft:sweet_berries":9,"minecraft:torch":47,"minecraft:arrow":1,"minecraft:rotten_flesh":3,"minecraft:bone_meal":1,"born_in_chaos_v1:rotten_fish":2,"minecraft:coal":20,"minecraft:cobblestone":191},"minecraft:killed":{"minecraft:pig":3,"born_in_chaos_v1:diamond_termite":2,"minecraft:creeper":2,"minecraft:zombie":3,"born_in_chaos_v1:corpse_fly":3,"born_in_chaos_v1:corpse_fish":3},"minecraft:dropped":{"minecraft:birch_planks":8,"minecraft:rotten_flesh":3,"butchercraft:cooked_pork_scraps":1,"born_in_chaos_v1:diamond_termite_shard":1},"minecraft:crafted":{"minecraft:oak_door":3,"minecraft:oak_planks":40,"minecraft:stone_shovel":1,"minecraft:crafting_table":4,"minecraft:wooden_pickaxe":1,"minecraft:furnace":1,"minecraft:birch_planks":16,"minecraft:stone_axe":1,"minecraft:air":0,"butchercraft:cooked_pork_scraps":6,"minecraft:stick":16,"minecraft:iron_ingot":6,"minecraft:iron_pickaxe":1,"minecraft:stone_pickaxe":2,"minecraft:wooden_axe":1,"minecraft:torch":4},"minecraft:killed_by":{"minecraft:player":2,"born_in_chaos_v1:bloody_gadfly":1,"dweller:nightmare":1,"born_in_chaos_v1:corpse_fly":1},"minecraft:custom":{"minecraft:interact_with_furnace":16,"minecraft:mob_kills":18,"minecraft:interact_with_crafting_table":16,"minecraft:leave_game":6,"minecraft:time_since_death":0,"minecraft:sleep_in_bed":7,"minecraft:climb_one_cm":5225,"minecraft:time_since_rest":136,"minecraft:sprint_one_cm":128734,"minecraft:damage_taken":4706,"minecraft:walk_one_cm":153739,"minecraft:drop":4,"minecraft:damage_dealt":2649,"minecraft:swim_one_cm":20067,"minecraft:fly_one_cm":200685,"minecraft:player_kills":2,"minecraft:crouch_one_cm":8374,"minecraft:play_time":77337,"minecraft:deaths":18,"minecraft:sneak_time":3163,"minecraft:walk_under_water_one_cm":1982,"minecraft:jump":1695,"minecraft:walk_on_water_one_cm":12850,"minecraft:total_world_time":77337,"minecraft:fall_one_cm":45787},"minecraft:broken":{"minecraft:stone_pickaxe":1},"minecraft:used":{"minecraft:stone_shovel":36,"minecraft:stone_pickaxe":246,"minecraft:spruce_planks":1,"minecraft:wooden_pickaxe":5,"simpletomb:grave_key":12,"minecraft:oak_door":3,"butchercraft:pork_scraps":1,"minecraft:torch":15,"minecraft:dirt":5,"minecraft:crafting_table":5,"butchercraft:cooked_pork_scraps":5,"born_in_chaos_v1:corpse_maggot":3,"minecraft:wooden_axe":5,"minecraft:flowering_azalea":1,"minecraft:apple":1,"minecraft:iron_pickaxe":20,"minecraft:stone_axe":52,"minecraft:cobblestone":65,"minecraft:sweet_berries":15,"minecraft:furnace":2},"minecraft:mined":{"minecraft:spruce_planks":3,"minecraft:oak_door":1,"minecraft:crafting_table":2,"minecraft:torch":5,"minecraft:grass_block":1,"minecraft:cobblestone":22,"minecraft:copper_ore":17,"minecraft:deepslate_gold_ore":2,"minecraft:wall_torch":37,"minecraft:furnace":2,"minecraft:birch_log":5,"minecraft:iron_ore":14,"minecraft:sweet_berry_bush":4,"minecraft:birch_leaves":1,"minecraft:grass":8,"minecraft:coal_ore":24,"minecraft:oak_log":14,"minecraft:vine":1,"minecraft:dirt":38,"minecraft:stone":170,"minecraft:oak_leaves":1,"minecraft:fern":1}},"DataVersion":3120}