{"stats":{"minecraft:picked_up":{"minecraft:birch_log":4,"minecraft:crafting_table":1,"minecraft:oak_door":1,"minecraft:torch":44,"butchercraft:pork_scraps":7,"minecraft:oak_log":14,"minecraft:dirt":1,"minecraft:raw_copper":32,"minecraft:apple":1,"minecraft:wheat_seeds":3,"minecraft:spruce_planks":2,"minecraft:coal":15,"minecraft:cobblestone":72,"minecraft:furnace":1},"minecraft:dropped":{"butchercraft:cooked_pork_scraps":1},"minecraft:killed":{"minecraft:pig":3},"minecraft:crafted":{"minecraft:oak_door":3,"minecraft:oak_planks":40,"butchercraft:cooked_pork_scraps":6,"minecraft:crafting_table":1,"minecraft:stick":12,"minecraft:wooden_pickaxe":1,"minecraft:iron_ingot":1,"minecraft:stone_pickaxe":2,"minecraft:wooden_axe":1,"minecraft:furnace":1,"minecraft:torch":4,"minecraft:stone_axe":1,"minecraft:air":0},"minecraft:killed_by":{"minecraft:player":1,"born_in_chaos_v1:bloody_gadfly":1},"minecraft:custom":{"minecraft:time_since_rest":7531,"minecraft:interact_with_furnace":12,"minecraft:sprint_one_cm":62275,"minecraft:damage_taken":2761,"minecraft:walk_one_cm":68627,"minecraft:mob_kills":3,"minecraft:drop":1,"minecraft:damage_dealt":358,"minecraft:swim_one_cm":7994,"minecraft:interact_with_crafting_table":11,"minecraft:fly_one_cm":116490,"minecraft:player_kills":1,"minecraft:crouch_one_cm":3238,"minecraft:play_time":37594,"minecraft:deaths":11,"minecraft:sneak_time":1275,"minecraft:walk_under_water_one_cm":1151,"minecraft:jump":789,"minecraft:leave_game":3,"minecraft:time_since_death":6873,"minecraft:walk_on_water_one_cm":7399,"minecraft:total_world_time":37594,"minecraft:climb_one_cm":4171,"minecraft:fall_one_cm":16104},"minecraft:used":{"minecraft:wooden_axe":5,"minecraft:apple":1,"minecraft:stone_pickaxe":126,"minecraft:spruce_planks":1,"minecraft:wooden_pickaxe":5,"minecraft:oak_door":3,"minecraft:torch":6,"simpletomb:grave_key":6,"minecraft:stone_axe":14,"butchercraft:pork_scraps":1,"minecraft:cobblestone":20,"minecraft:crafting_table":2,"minecraft:furnace":1,"butchercraft:cooked_pork_scraps":5},"minecraft:mined":{"minecraft:spruce_planks":3,"minecraft:furnace":1,"minecraft:oak_door":1,"minecraft:birch_log":5,"minecraft:sweet_berry_bush":1,"minecraft:birch_leaves":1,"minecraft:crafting_table":1,"minecraft:torch":5,"minecraft:grass":8,"minecraft:oak_log":14,"minecraft:coal_ore":19,"minecraft:vine":1,"minecraft:dirt":1,"minecraft:copper_ore":10,"minecraft:cobblestone":5,"minecraft:stone":83,"minecraft:oak_leaves":1,"minecraft:wall_torch":37}},"DataVersion":3120}