{"stats":{"minecraft:killed_by":{"minecraft:player":3,"minecraft:skeleton":2,"minecraft:creeper":1,"minecraft:spider":1,"minecraft:zombie":1,"hordes:zombie_player":6},"minecraft:picked_up":{"minecraft:wooden_axe":3,"minecraft:pink_petals":37,"minecraft:crafting_table":1,"spartanweaponry:handle":6,"minecraft:cherry_planks":9,"minecraft:leather":1,"minecraft:brown_wool":2,"minecraft:wooden_pickaxe":2,"minecraft:flint":7,"minecraft:oak_log":46,"spartanweaponry:stone_warhammer":5,"minecraft:gunpowder":2,"minecraft:dirt":56,"minecraft:raw_copper":39,"minecraft:wooden_sword":1,"minecraft:cooked_mutton":3,"minecraft:bone":16,"minecraft:bow":3,"minecraft:wheat_seeds":4,"alexsmobs:cockroach_wing_fragment":1,"minecraft:iron_ingot":2,"minecraft:beef":3,"minecraft:stone_pickaxe":4,"minecraft:iron_pickaxe":6,"minecraft:rabbit":2,"minecraft:light_gray_wool":3,"minecraft:oak_planks":127,"minecraft:stick":2,"minecraft:raw_iron":56,"spartanweaponry:stone_battle_hammer":3,"minecraft:torch":57,"minecraft:dandelion":6,"minecraft:dripstone_block":1,"minecraft:gravel":3,"minecraft:cherry_log":17,"minecraft:pointed_dripstone":192,"minecraft:diorite":3,"spartanweaponry:stone_flanged_mace":3,"minecraft:arrow":11,"minecraft:rotten_flesh":16,"minecraft:stone_axe":9,"spartanweaponry:stone_saber":3,"minecraft:granite":25,"minecraft:gray_wool":3,"minecraft:mutton":12,"minecraft:coal":62,"minecraft:white_wool":7,"minecraft:cobblestone":911},"minecraft:crafted":{"minecraft:cooked_beef":3,"minecraft:cherry_planks":52,"minecraft:oak_planks":164,"minecraft:crafting_table":5,"minecraft:wooden_pickaxe":3,"minecraft:furnace":2,"minecraft:stone_axe":2,"minecraft:cooked_mutton":10,"minecraft:air":0,"minecraft:stick":28,"minecraft:stone_pickaxe":3,"minecraft:chest":2,"minecraft:white_bed":1,"minecraft:torch":32},"minecraft:broken":{"minecraft:stone_pickaxe":2},"minecraft:mined":{"minecraft:cherry_planks":2,"minecraft:cherry_log":14,"minecraft:dandelion":4,"minecraft:crafting_table":1,"minecraft:granite":20,"minecraft:grass_block":16,"minecraft:cobblestone":6,"minecraft:tall_grass":1,"minecraft:oak_planks":4,"minecraft:diorite":1,"minecraft:wall_torch":3,"minecraft:pink_petals":1,"minecraft:iron_ore":22,"minecraft:grass":11,"minecraft:pointed_dripstone":22,"minecraft:oak_log":41,"minecraft:coal_ore":48,"minecraft:dripstone_block":1,"minecraft:dirt":20,"minecraft:gravel":5,"minecraft:stone":264,"minecraft:oak_leaves":11},"minecraft:custom":{"minecraft:interact_with_furnace":31,"minecraft:mob_kills":35,"minecraft:interact_with_crafting_table":20,"minecraft:time_since_death":2233,"minecraft:sleep_in_bed":2,"minecraft:time_since_rest":2268,"minecraft:sprint_one_cm":142672,"minecraft:damage_taken":4561,"minecraft:walk_one_cm":178762,"minecraft:drop":19,"minecraft:damage_dealt":6066,"minecraft:swim_one_cm":11324,"minecraft:fly_one_cm":230426,"minecraft:player_kills":3,"minecraft:open_chest":30,"minecraft:crouch_one_cm":9835,"minecraft:play_time":77236,"minecraft:deaths":15,"minecraft:sneak_time":6615,"minecraft:walk_under_water_one_cm":3836,"minecraft:jump":1534,"minecraft:walk_on_water_one_cm":1084,"minecraft:total_world_time":77236,"minecraft:fall_one_cm":51990},"minecraft:used":{"spartanweaponry:stone_warhammer":8,"minecraft:cooked_mutton":12,"minecraft:stone_pickaxe":309,"minecraft:oak_planks":52,"minecraft:chest":2,"minecraft:wooden_pickaxe":44,"minecraft:cherry_planks":5,"minecraft:torch":29,"minecraft:dirt":5,"minecraft:crafting_table":6,"minecraft:white_bed":1,"minecraft:granite":8,"spartanweaponry:stone_battle_hammer":16,"minecraft:iron_pickaxe":79,"minecraft:stone_axe":126,"minecraft:wooden_sword":21,"minecraft:cobblestone":15,"minecraft:furnace":2,"minecraft:cooked_beef":3},"minecraft:killed":{"hordes:zombie_player":16,"minecraft:zombie_villager":2,"minecraft:rabbit":1,"minecraft:creeper":1,"minecraft:skeleton":2,"minecraft:sheep":6,"minecraft:zombie":6,"minecraft:cow":1},"minecraft:dropped":{"minecraft:stone_axe":1,"minecraft:wheat_seeds":2,"minecraft:oak_log":5,"minecraft:light_gray_wool":1,"minecraft:oak_planks":12,"minecraft:cooked_mutton":1,"minecraft:stick":2,"minecraft:flint":1,"minecraft:dirt":11,"minecraft:gray_wool":1,"minecraft:gunpowder":1,"minecraft:mutton":6,"minecraft:brown_wool":1,"minecraft:cherry_planks":9,"minecraft:stone_pickaxe":1,"minecraft:wooden_pickaxe":1,"minecraft:white_wool":3,"minecraft:dandelion":3}},"DataVersion":3465}