{"stats":{"minecraft:killed_by":{"minecraft:skeleton":2,"minecraft:creeper":1,"minecraft:spider":1,"minecraft:zombie":1},"minecraft:picked_up":{"minecraft:pink_petals":34,"minecraft:cherry_planks":9,"minecraft:brown_wool":2,"minecraft:wooden_pickaxe":1,"minecraft:flint":3,"minecraft:oak_log":24,"minecraft:gunpowder":2,"minecraft:dirt":56,"minecraft:cooked_mutton":3,"minecraft:wheat_seeds":2,"minecraft:stone_pickaxe":1,"minecraft:light_gray_wool":2,"minecraft:oak_planks":2,"minecraft:stick":2,"minecraft:raw_iron":4,"spartanweaponry:stone_battle_hammer":1,"minecraft:torch":2,"minecraft:dandelion":1,"minecraft:gravel":3,"minecraft:cherry_log":17,"minecraft:rotten_flesh":2,"minecraft:stone_axe":1,"minecraft:granite":16,"minecraft:gray_wool":2,"minecraft:mutton":12,"minecraft:coal":27,"minecraft:white_wool":6,"minecraft:cobblestone":201},"minecraft:crafted":{"minecraft:cherry_planks":52,"minecraft:oak_planks":76,"minecraft:crafting_table":4,"minecraft:wooden_pickaxe":3,"minecraft:furnace":1,"minecraft:stone_axe":1,"minecraft:cooked_mutton":10,"minecraft:air":0,"minecraft:stick":20,"minecraft:stone_pickaxe":2,"minecraft:white_bed":1,"minecraft:torch":16},"minecraft:broken":{"minecraft:stone_pickaxe":2},"minecraft:mined":{"minecraft:cherry_planks":2,"minecraft:cherry_log":14,"minecraft:dandelion":1,"minecraft:granite":16,"minecraft:grass_block":16,"minecraft:oak_planks":2,"minecraft:wall_torch":2,"minecraft:pink_petals":1,"minecraft:iron_ore":4,"minecraft:grass":7,"minecraft:oak_log":19,"minecraft:coal_ore":36,"minecraft:dirt":20,"minecraft:gravel":5,"minecraft:stone":203,"minecraft:oak_leaves":11},"minecraft:custom":{"minecraft:interact_with_furnace":15,"minecraft:mob_kills":11,"minecraft:interact_with_crafting_table":13,"minecraft:time_since_death":7395,"minecraft:time_since_rest":7430,"minecraft:sprint_one_cm":75288,"minecraft:damage_taken":1959,"minecraft:walk_one_cm":100292,"minecraft:drop":16,"minecraft:damage_dealt":2044,"minecraft:swim_one_cm":11324,"minecraft:fly_one_cm":163856,"minecraft:open_chest":4,"minecraft:crouch_one_cm":7928,"minecraft:play_time":41236,"minecraft:deaths":6,"minecraft:sneak_time":5751,"minecraft:walk_under_water_one_cm":3836,"minecraft:jump":1071,"minecraft:walk_on_water_one_cm":1084,"minecraft:total_world_time":41236,"minecraft:fall_one_cm":38092},"minecraft:used":{"minecraft:cooked_mutton":10,"minecraft:stone_pickaxe":263,"minecraft:oak_planks":52,"minecraft:wooden_pickaxe":43,"minecraft:cherry_planks":5,"minecraft:torch":16,"minecraft:dirt":5,"minecraft:crafting_table":4,"minecraft:white_bed":1,"minecraft:granite":3,"spartanweaponry:stone_battle_hammer":1,"minecraft:stone_axe":50,"minecraft:furnace":1},"minecraft:killed":{"hordes:zombie_player":1,"minecraft:zombie_villager":1,"minecraft:creeper":1,"minecraft:sheep":6,"minecraft:zombie":2},"minecraft:dropped":{"minecraft:stone_axe":1,"minecraft:wheat_seeds":1,"minecraft:oak_log":5,"minecraft:light_gray_wool":1,"minecraft:oak_planks":12,"minecraft:stick":2,"minecraft:flint":1,"minecraft:dirt":11,"minecraft:gray_wool":1,"minecraft:gunpowder":1,"minecraft:mutton":6,"minecraft:brown_wool":1,"minecraft:cherry_planks":9,"minecraft:stone_pickaxe":1,"minecraft:wooden_pickaxe":1,"minecraft:white_wool":3}},"DataVersion":3465}