{"stats":{"minecraft:picked_up":{"minecraft:crafting_table":1,"butchercraft:pork_scraps":7,"minecraft:oak_log":10,"minecraft:cobblestone":6},"minecraft:killed":{"minecraft:pig":3},"minecraft:crafted":{"minecraft:oak_planks":40,"minecraft:crafting_table":1,"minecraft:stick":8,"minecraft:wooden_pickaxe":1,"minecraft:stone_pickaxe":2,"minecraft:wooden_axe":1},"minecraft:custom":{"minecraft:time_since_rest":5663,"minecraft:crouch_one_cm":135,"minecraft:play_time":5663,"minecraft:sprint_one_cm":15562,"minecraft:damage_taken":20,"minecraft:walk_one_cm":6378,"minecraft:sneak_time":54,"minecraft:walk_under_water_one_cm":286,"minecraft:mob_kills":3,"minecraft:jump":168,"minecraft:damage_dealt":300,"minecraft:time_since_death":5663,"minecraft:walk_on_water_one_cm":2817,"minecraft:total_world_time":5663,"minecraft:climb_one_cm":1357,"minecraft:swim_one_cm":2678,"minecraft:interact_with_crafting_table":6,"minecraft:fall_one_cm":4214,"minecraft:fly_one_cm":36286},"minecraft:used":{"minecraft:wooden_axe":5,"minecraft:crafting_table":1,"minecraft:stone_pickaxe":1,"minecraft:wooden_pickaxe":5},"minecraft:mined":{"minecraft:oak_log":10,"minecraft:vine":1,"minecraft:stone":6,"minecraft:crafting_table":1}},"DataVersion":3120}