{"stats":{"minecraft:picked_up":{"minecraft:birch_log":4,"minecraft:crafting_table":3,"born_in_chaos_v1:corpse_maggot":5,"born_in_chaos_v1:staffof_magic_arrows":1,"born_in_chaos_v1:diamond_termite_shard":1,"minecraft:feather":2,"minecraft:flint":1,"butchercraft:pork_scraps":7,"minecraft:oak_log":14,"minecraft:gunpowder":1,"born_in_chaos_v1:black_argillite":7,"minecraft:dirt":22,"minecraft:raw_copper":124,"minecraft:light_gray_concrete_powder":8,"minecraft:bone":3,"minecraft:apple":1,"minecraft:wheat_seeds":4,"minecraft:cobbled_deepslate":5,"minecraft:raw_gold":2,"minecraft:spruce_planks":2,"minecraft:flowering_azalea":1,"minecraft:furnace":3,"minecraft:egg":2,"minecraft:raw_iron":16,"minecraft:sandstone":35,"minecraft:oak_door":1,"minecraft:sweet_berries":9,"minecraft:poisonous_potato":2,"minecraft:torch":50,"minecraft:gravel":22,"minecraft:sand":51,"minecraft:ink_sac":4,"minecraft:fermented_spider_eye":2,"minecraft:white_bed":8,"minecraft:light_gray_concrete":5,"butchercraft:chicken_scraps":1,"minecraft:arrow":3,"minecraft:black_concrete_powder":8,"minecraft:rotten_flesh":3,"minecraft:bone_meal":4,"born_in_chaos_v1:spiny_shell":3,"butchercraft:beef_scraps":1,"born_in_chaos_v1:rotten_fish":3,"minecraft:black_wool":6,"minecraft:coal":20,"minecraft:cobblestone":340},"minecraft:killed":{"minecraft:pig":3,"born_in_chaos_v1:diamond_termite":2,"born_in_chaos_v1:thornshell_crab":1,"minecraft:creeper":2,"minecraft:zombie":3,"minecraft:chicken":1,"born_in_chaos_v1:corpse_fly":6,"born_in_chaos_v1:corpse_fish":3,"minecraft:cow":1},"minecraft:dropped":{"minecraft:oak_door":1,"minecraft:black_dye":1,"minecraft:birch_planks":8,"minecraft:cobbled_deepslate":2,"minecraft:raw_copper":62,"minecraft:poisonous_potato":2,"minecraft:rotten_flesh":3,"minecraft:oak_planks":3,"minecraft:flint":1,"minecraft:stick":1,"born_in_chaos_v1:black_argillite":7,"minecraft:black_concrete_powder":8,"minecraft:ink_sac":1,"minecraft:spruce_planks":1,"butchercraft:cooked_pork_scraps":1,"minecraft:wooden_axe":1,"born_in_chaos_v1:diamond_termite_shard":1,"minecraft:gray_concrete_powder":8,"minecraft:bone_meal":3,"minecraft:wooden_pickaxe":1,"minecraft:light_gray_concrete_powder":8,"minecraft:bone":1,"minecraft:egg":1},"minecraft:crafted":{"minecraft:black_dye":3,"minecraft:light_gray_concrete_powder":16,"minecraft:oak_door":3,"minecraft:oak_planks":40,"minecraft:stone_shovel":1,"minecraft:crafting_table":5,"minecraft:wooden_pickaxe":1,"minecraft:furnace":1,"minecraft:gray_concrete_powder":8,"minecraft:gray_dye":2,"minecraft:bone_meal":3,"minecraft:birch_planks":16,"minecraft:stone_axe":1,"minecraft:air":0,"minecraft:oak_boat":1,"butchercraft:cooked_pork_scraps":6,"minecraft:black_concrete_powder":8,"minecraft:white_dye":2,"minecraft:stick":16,"minecraft:iron_ingot":6,"minecraft:iron_pickaxe":1,"minecraft:stone_pickaxe":2,"minecraft:wooden_axe":1,"minecraft:light_gray_dye":2,"minecraft:torch":4,"minecraft:shears":1},"minecraft:killed_by":{"minecraft:player":3,"born_in_chaos_v1:bloody_gadfly":1,"dweller:nightmare":2,"born_in_chaos_v1:corpse_fly":1},"minecraft:custom":{"minecraft:interact_with_furnace":23,"minecraft:mob_kills":24,"minecraft:interact_with_crafting_table":21,"minecraft:leave_game":10,"minecraft:time_since_death":13889,"minecraft:sleep_in_bed":14,"minecraft:climb_one_cm":5225,"minecraft:time_since_rest":391,"minecraft:sprint_one_cm":191778,"minecraft:damage_taken":5924,"minecraft:walk_one_cm":211794,"minecraft:drop":25,"minecraft:damage_dealt":3483,"minecraft:player_kills":4,"minecraft:swim_one_cm":44950,"minecraft:fly_one_cm":336037,"minecraft:play_time":111593,"minecraft:crouch_one_cm":11389,"minecraft:sneak_time":4136,"minecraft:deaths":22,"minecraft:walk_under_water_one_cm":3890,"minecraft:boat_one_cm":128523,"minecraft:jump":2362,"minecraft:walk_on_water_one_cm":17640,"minecraft:total_world_time":111593,"minecraft:fall_one_cm":69299},"minecraft:broken":{"minecraft:stone_pickaxe":1},"minecraft:used":{"butchercraft:chicken_scraps":1,"minecraft:stone_pickaxe":249,"minecraft:stone_shovel":86,"minecraft:spruce_planks":1,"minecraft:wooden_pickaxe":5,"minecraft:sandstone":16,"simpletomb:grave_key":18,"minecraft:oak_door":3,"minecraft:torch":21,"butchercraft:pork_scraps":1,"minecraft:dirt":5,"minecraft:crafting_table":7,"butchercraft:cooked_pork_scraps":5,"minecraft:white_bed":8,"minecraft:light_gray_concrete_powder":8,"minecraft:apple":1,"born_in_chaos_v1:corpse_maggot":5,"minecraft:wooden_axe":5,"minecraft:flowering_azalea":1,"minecraft:iron_pickaxe":139,"minecraft:stone_axe":71,"minecraft:cobblestone":100,"minecraft:sweet_berries":15,"born_in_chaos_v1:rotten_fish":3,"minecraft:furnace":2,"minecraft:oak_boat":1,"minecraft:egg":1},"minecraft:mined":{"minecraft:spruce_planks":3,"minecraft:white_bed":8,"minecraft:oak_door":1,"minecraft:crafting_table":3,"minecraft:torch":7,"minecraft:grass_block":2,"minecraft:tall_grass":3,"minecraft:copper_ore":17,"minecraft:cobblestone":48,"minecraft:deepslate_gold_ore":2,"minecraft:sandstone":9,"minecraft:wall_torch":37,"minecraft:furnace":2,"minecraft:iron_ore":16,"minecraft:birch_log":5,"minecraft:sweet_berry_bush":4,"minecraft:birch_leaves":1,"minecraft:grass":8,"minecraft:vine":1,"minecraft:coal_ore":24,"minecraft:oak_log":14,"minecraft:sand":36,"minecraft:gravel":9,"minecraft:light_gray_concrete":5,"minecraft:dirt":46,"minecraft:stone":234,"minecraft:oak_leaves":1,"minecraft:fern":1}},"DataVersion":3120}