{"stats":{"minecraft:picked_up":{"born_in_chaos_v1:diamond_termite_shard":5,"minecraft:crafting_table":4,"cgm:basic_bullet":64,"butchercraft:pork_scraps":7,"born_in_chaos_v1:black_argillite":39,"minecraft:raw_copper":157,"minecraft:cobbled_deepslate":69,"minecraft:spruce_planks":8,"minecraft:iron_nugget":18,"minecraft:iron_pickaxe":1,"minecraft:sugar_cane":1,"minecraft:chest":2,"minecraft:egg":2,"minecraft:furnace":3,"minecraft:raw_iron":34,"minecraft:sandstone":99,"minecraft:oak_door":1,"minecraft:torch":50,"minecraft:redstone":18,"minecraft:rotten_flesh":13,"butchercraft:chicken_scraps":1,"minecraft:arrow":6,"born_in_chaos_v1:spiny_shell":3,"butchercraft:beef_scraps":2,"minecraft:cobblestone":429,"minecraft:birch_log":4,"born_in_chaos_v1:staffof_magic_arrows":1,"born_in_chaos_v1:corpse_maggot":5,"minecraft:feather":2,"minecraft:andesite":65,"minecraft:birch_planks":3,"minecraft:flint":1,"minecraft:oak_log":14,"minecraft:gunpowder":1,"minecraft:cobblestone_stairs":5,"minecraft:dirt":27,"minecraft:light_gray_concrete_powder":8,"minecraft:bone":7,"minecraft:apple":1,"minecraft:wheat_seeds":12,"minecraft:raw_gold":2,"minecraft:moss_block":1,"minecraft:flowering_azalea":1,"minecraft:sweet_berries":9,"born_in_chaos_v1:ethereal_spirit":1,"minecraft:poisonous_potato":2,"minecraft:gravel":22,"minecraft:sand":86,"minecraft:ink_sac":4,"minecraft:spruce_log":8,"minecraft:white_bed":8,"minecraft:fermented_spider_eye":2,"minecraft:light_gray_concrete":5,"minecraft:black_concrete_powder":8,"minecraft:bone_meal":4,"born_in_chaos_v1:rotten_fish":4,"minecraft:black_wool":6,"minecraft:coal":23},"minecraft:killed":{"born_in_chaos_v1:thornshell_crab":1,"minecraft:chicken":1,"born_in_chaos_v1:corpse_fish":3,"minecraft:pig":3,"born_in_chaos_v1:diamond_termite":2,"minecraft:creeper":2,"minecraft:zombie":3,"born_in_chaos_v1:corpse_fly":6,"minecraft:cow":1},"minecraft:dropped":{"minecraft:moss_block":1,"minecraft:birch_planks":8,"minecraft:black_dye":1,"minecraft:crafting_table":1,"minecraft:poisonous_potato":2,"minecraft:stick":1,"minecraft:flint":1,"born_in_chaos_v1:black_argillite":7,"minecraft:ink_sac":1,"butchercraft:cooked_pork_scraps":1,"minecraft:wooden_axe":1,"minecraft:bone_meal":3,"minecraft:iron_pickaxe":1,"minecraft:bone":1,"minecraft:oak_door":1,"minecraft:cobbled_deepslate":2,"minecraft:raw_copper":62,"minecraft:rotten_flesh":3,"minecraft:oak_planks":3,"minecraft:gunpowder":1,"cgm:basic_bullet":64,"minecraft:black_concrete_powder":8,"minecraft:spruce_planks":1,"minecraft:andesite":8,"born_in_chaos_v1:diamond_termite_shard":1,"minecraft:gray_concrete_powder":8,"minecraft:wooden_pickaxe":1,"minecraft:light_gray_concrete_powder":8,"minecraft:egg":1},"minecraft:crafted":{"minecraft:black_dye":3,"minecraft:light_gray_concrete_powder":16,"minecraft:oak_door":3,"minecraft:oak_planks":40,"minecraft:stone_shovel":1,"minecraft:furnace":1,"minecraft:gray_dye":2,"minecraft:bone_meal":3,"minecraft:black_concrete_powder":8,"minecraft:stone_pickaxe":2,"minecraft:crafting_table":5,"minecraft:wooden_pickaxe":1,"minecraft:gray_concrete_powder":8,"minecraft:birch_planks":16,"minecraft:campfire":2,"minecraft:stone_axe":2,"minecraft:air":0,"minecraft:oak_boat":1,"butchercraft:cooked_pork_scraps":6,"minecraft:white_dye":2,"minecraft:stick":24,"minecraft:iron_pickaxe":1,"minecraft:iron_ingot":6,"minecraft:wooden_axe":1,"minecraft:light_gray_dye":2,"minecraft:torch":4,"minecraft:shears":1,"minecraft:polished_andesite":48},"minecraft:killed_by":{"minecraft:player":5,"born_in_chaos_v1:bloody_gadfly":1,"born_in_chaos_v1:corpse_fly":1,"dweller:nightmare":6},"minecraft:broken":{"minecraft:stone_pickaxe":1},"minecraft:custom":{"minecraft:mob_kills":25,"minecraft:interact_with_crafting_table":33,"minecraft:leave_game":12,"minecraft:time_since_death":142,"minecraft:climb_one_cm":5225,"minecraft:sprint_one_cm":283316,"minecraft:walk_one_cm":279607,"minecraft:drop":31,"minecraft:play_time":154681,"minecraft:deaths":37,"minecraft:sneak_time":5328,"minecraft:walk_under_water_one_cm":4042,"minecraft:boat_one_cm":128523,"minecraft:jump":3143,"minecraft:walk_on_water_one_cm":18930,"minecraft:total_world_time":154681,"minecraft:interact_with_furnace":33,"minecraft:sleep_in_bed":14,"minecraft:time_since_rest":2759,"minecraft:damage_taken":9735,"minecraft:damage_dealt":3608,"minecraft:swim_one_cm":45813,"minecraft:fly_one_cm":447517,"minecraft:player_kills":5,"minecraft:open_chest":14,"minecraft:crouch_one_cm":14421,"minecraft:fall_one_cm":92643},"minecraft:used":{"butchercraft:chicken_scraps":1,"born_in_chaos_v1:ethereal_spirit":3,"minecraft:stone_shovel":97,"minecraft:chest":1,"minecraft:spruce_planks":1,"simpletomb:grave_key":30,"minecraft:oak_door":3,"minecraft:torch":34,"minecraft:dirt":22,"born_in_chaos_v1:corpse_maggot":5,"minecraft:wooden_axe":5,"minecraft:flowering_azalea":1,"minecraft:sweet_berries":15,"minecraft:furnace":4,"minecraft:egg":1,"minecraft:cobbled_deepslate":3,"minecraft:stone_pickaxe":249,"minecraft:wooden_pickaxe":5,"minecraft:sandstone":16,"butchercraft:pork_scraps":1,"minecraft:crafting_table":8,"butchercraft:cooked_pork_scraps":5,"minecraft:campfire":2,"minecraft:white_bed":8,"minecraft:light_gray_concrete_powder":8,"minecraft:apple":1,"minecraft:iron_pickaxe":232,"minecraft:stone_axe":81,"minecraft:cobblestone":171,"born_in_chaos_v1:rotten_fish":3,"minecraft:oak_boat":1},"minecraft:mined":{"minecraft:spruce_planks":3,"minecraft:white_bed":8,"minecraft:oak_door":1,"minecraft:grass_block":4,"minecraft:spruce_leaves":1,"minecraft:sandstone":9,"minecraft:large_fern":1,"minecraft:furnace":2,"minecraft:iron_ore":33,"minecraft:andesite":11,"minecraft:deepslate_iron_ore":4,"minecraft:vine":1,"minecraft:light_gray_concrete":5,"minecraft:stone":244,"minecraft:crafting_table":3,"minecraft:torch":7,"minecraft:chest":1,"minecraft:cobblestone":94,"minecraft:tall_grass":3,"minecraft:copper_ore":17,"minecraft:deepslate_gold_ore":2,"minecraft:wall_torch":37,"minecraft:birch_log":5,"minecraft:sweet_berry_bush":4,"minecraft:spruce_log":8,"minecraft:birch_leaves":1,"minecraft:grass":51,"minecraft:oak_log":14,"minecraft:coal_ore":24,"minecraft:gravel":9,"minecraft:sand":36,"minecraft:dirt":49,"minecraft:oak_leaves":1,"minecraft:fern":9}},"DataVersion":3120}