{"stats":{"minecraft:picked_up":{"minecraft:birch_log":4,"minecraft:crafting_table":1,"minecraft:raw_iron":1,"minecraft:oak_door":1,"minecraft:torch":46,"butchercraft:pork_scraps":7,"minecraft:oak_log":14,"minecraft:dirt":1,"minecraft:raw_copper":51,"minecraft:apple":1,"minecraft:wheat_seeds":3,"minecraft:spruce_planks":2,"minecraft:bone_meal":1,"born_in_chaos_v1:rotten_fish":2,"minecraft:coal":17,"minecraft:cobblestone":104,"minecraft:furnace":1},"minecraft:dropped":{"butchercraft:cooked_pork_scraps":1},"minecraft:killed":{"minecraft:pig":3,"born_in_chaos_v1:corpse_fish":3},"minecraft:crafted":{"minecraft:oak_door":3,"minecraft:oak_planks":40,"butchercraft:cooked_pork_scraps":6,"minecraft:crafting_table":1,"minecraft:stick":12,"minecraft:wooden_pickaxe":1,"minecraft:iron_ingot":1,"minecraft:stone_pickaxe":2,"minecraft:wooden_axe":1,"minecraft:furnace":1,"minecraft:torch":4,"minecraft:stone_axe":1,"minecraft:air":0},"minecraft:killed_by":{"dweller:nightmare":1,"minecraft:player":1,"born_in_chaos_v1:bloody_gadfly":1},"minecraft:custom":{"minecraft:time_since_rest":4090,"minecraft:interact_with_furnace":12,"minecraft:sprint_one_cm":85651,"minecraft:damage_taken":3341,"minecraft:walk_one_cm":86913,"minecraft:mob_kills":6,"minecraft:drop":1,"minecraft:damage_dealt":766,"minecraft:swim_one_cm":19618,"minecraft:interact_with_crafting_table":11,"minecraft:fly_one_cm":149803,"minecraft:player_kills":2,"minecraft:crouch_one_cm":3836,"minecraft:play_time":48494,"minecraft:deaths":13,"minecraft:sneak_time":1465,"minecraft:walk_under_water_one_cm":1643,"minecraft:jump":1020,"minecraft:leave_game":5,"minecraft:time_since_death":3614,"minecraft:walk_on_water_one_cm":7844,"minecraft:total_world_time":48494,"minecraft:climb_one_cm":4658,"minecraft:fall_one_cm":23003},"minecraft:used":{"minecraft:wooden_axe":5,"minecraft:apple":1,"minecraft:stone_pickaxe":167,"minecraft:spruce_planks":1,"minecraft:wooden_pickaxe":5,"minecraft:oak_door":3,"minecraft:torch":8,"simpletomb:grave_key":8,"minecraft:stone_axe":24,"butchercraft:pork_scraps":1,"minecraft:cobblestone":26,"minecraft:crafting_table":2,"minecraft:furnace":1,"butchercraft:cooked_pork_scraps":5},"minecraft:mined":{"minecraft:spruce_planks":3,"minecraft:furnace":1,"minecraft:oak_door":1,"minecraft:iron_ore":1,"minecraft:birch_log":5,"minecraft:sweet_berry_bush":1,"minecraft:birch_leaves":1,"minecraft:torch":5,"minecraft:crafting_table":1,"minecraft:grass":8,"minecraft:oak_log":14,"minecraft:coal_ore":21,"minecraft:vine":1,"minecraft:dirt":1,"minecraft:copper_ore":14,"minecraft:cobblestone":10,"minecraft:stone":112,"minecraft:oak_leaves":1,"minecraft:wall_torch":37}},"DataVersion":3120}