{"stats":{"minecraft:picked_up":{"minecraft:birch_log":4,"born_in_chaos_v1:staffof_magic_arrows":1,"minecraft:crafting_table":1,"butchercraft:pork_scraps":7,"minecraft:oak_log":14,"minecraft:gunpowder":1,"minecraft:dirt":13,"minecraft:raw_copper":62,"minecraft:bone":1,"minecraft:apple":1,"minecraft:wheat_seeds":4,"minecraft:spruce_planks":2,"minecraft:furnace":1,"minecraft:raw_iron":13,"minecraft:oak_door":1,"minecraft:sweet_berries":9,"minecraft:torch":46,"minecraft:arrow":1,"minecraft:rotten_flesh":1,"minecraft:bone_meal":1,"born_in_chaos_v1:rotten_fish":2,"minecraft:coal":17,"minecraft:cobblestone":155},"minecraft:dropped":{"butchercraft:cooked_pork_scraps":1},"minecraft:killed":{"minecraft:pig":3,"minecraft:creeper":2,"minecraft:zombie":3,"born_in_chaos_v1:corpse_fish":3},"minecraft:crafted":{"minecraft:oak_door":3,"minecraft:oak_planks":40,"minecraft:stone_shovel":1,"minecraft:crafting_table":3,"minecraft:wooden_pickaxe":1,"minecraft:furnace":1,"minecraft:birch_planks":16,"minecraft:stone_axe":1,"minecraft:air":0,"butchercraft:cooked_pork_scraps":6,"minecraft:stick":16,"minecraft:iron_ingot":1,"minecraft:stone_pickaxe":2,"minecraft:wooden_axe":1,"minecraft:torch":4},"minecraft:killed_by":{"minecraft:player":1,"born_in_chaos_v1:bloody_gadfly":1,"dweller:nightmare":1},"minecraft:custom":{"minecraft:interact_with_furnace":12,"minecraft:mob_kills":11,"minecraft:interact_with_crafting_table":13,"minecraft:leave_game":5,"minecraft:time_since_death":5523,"minecraft:sleep_in_bed":7,"minecraft:climb_one_cm":4658,"minecraft:time_since_rest":5194,"minecraft:sprint_one_cm":103491,"minecraft:damage_taken":4026,"minecraft:walk_one_cm":120444,"minecraft:drop":1,"minecraft:damage_dealt":1600,"minecraft:swim_one_cm":19618,"minecraft:fly_one_cm":171351,"minecraft:player_kills":2,"minecraft:crouch_one_cm":7503,"minecraft:play_time":60494,"minecraft:deaths":15,"minecraft:sneak_time":2678,"minecraft:walk_under_water_one_cm":1643,"minecraft:jump":1254,"minecraft:walk_on_water_one_cm":9651,"minecraft:total_world_time":60494,"minecraft:fall_one_cm":32879},"minecraft:broken":{"minecraft:stone_pickaxe":1},"minecraft:used":{"minecraft:stone_shovel":36,"minecraft:stone_pickaxe":222,"minecraft:spruce_planks":1,"minecraft:wooden_pickaxe":5,"simpletomb:grave_key":10,"minecraft:oak_door":3,"butchercraft:pork_scraps":1,"minecraft:torch":13,"minecraft:dirt":5,"minecraft:crafting_table":4,"butchercraft:cooked_pork_scraps":5,"minecraft:wooden_axe":5,"minecraft:apple":1,"minecraft:stone_axe":36,"minecraft:cobblestone":48,"minecraft:sweet_berries":13,"minecraft:furnace":1},"minecraft:mined":{"minecraft:spruce_planks":3,"minecraft:oak_door":1,"minecraft:crafting_table":1,"minecraft:torch":5,"minecraft:grass_block":1,"minecraft:cobblestone":11,"minecraft:copper_ore":17,"minecraft:wall_torch":37,"minecraft:furnace":1,"minecraft:birch_log":5,"minecraft:iron_ore":13,"minecraft:sweet_berry_bush":4,"minecraft:birch_leaves":1,"minecraft:grass":8,"minecraft:coal_ore":21,"minecraft:oak_log":14,"minecraft:vine":1,"minecraft:dirt":38,"minecraft:stone":145,"minecraft:oak_leaves":1,"minecraft:fern":1}},"DataVersion":3120}