{"stats":{"minecraft:killed_by":{"minecraft:skeleton":1,"minecraft:creeper":1,"minecraft:spider":1,"minecraft:zombie":1},"minecraft:picked_up":{"minecraft:pink_petals":34,"minecraft:brown_wool":1,"minecraft:flint":1,"minecraft:oak_log":5,"minecraft:cherry_log":17,"minecraft:gunpowder":1,"minecraft:dirt":27,"minecraft:rotten_flesh":2,"minecraft:wheat_seeds":2,"minecraft:gray_wool":1,"minecraft:light_gray_wool":1,"minecraft:mutton":6,"minecraft:white_wool":3,"minecraft:cobblestone":6},"minecraft:crafted":{"minecraft:cherry_planks":52,"minecraft:crafting_table":3,"minecraft:stick":16,"minecraft:wooden_pickaxe":3,"minecraft:stone_pickaxe":1,"minecraft:stone_axe":1},"minecraft:mined":{"minecraft:pink_petals":1,"minecraft:cherry_log":14,"minecraft:grass":5,"minecraft:grass_block":9,"minecraft:oak_log":5,"minecraft:gravel":1,"minecraft:dirt":9,"minecraft:stone":6,"minecraft:oak_leaves":7},"minecraft:custom":{"minecraft:time_since_rest":133,"minecraft:sprint_one_cm":46878,"minecraft:damage_taken":1415,"minecraft:walk_one_cm":53003,"minecraft:mob_kills":9,"minecraft:drop":15,"minecraft:damage_dealt":1267,"minecraft:interact_with_crafting_table":5,"minecraft:swim_one_cm":3646,"minecraft:fly_one_cm":133335,"minecraft:crouch_one_cm":1567,"minecraft:play_time":17236,"minecraft:deaths":5,"minecraft:sneak_time":972,"minecraft:walk_under_water_one_cm":211,"minecraft:jump":703,"minecraft:time_since_death":107,"minecraft:walk_on_water_one_cm":100,"minecraft:total_world_time":17236,"minecraft:fall_one_cm":31521},"minecraft:used":{"minecraft:stone_pickaxe":3,"minecraft:wooden_pickaxe":43,"minecraft:stone_axe":18,"minecraft:dirt":4,"minecraft:crafting_table":3},"minecraft:killed":{"minecraft:sheep":6,"minecraft:zombie":1,"hordes:zombie_player":1,"minecraft:creeper":1},"minecraft:dropped":{"minecraft:dirt":11,"minecraft:stone_axe":1,"minecraft:gray_wool":1,"minecraft:wheat_seeds":1,"minecraft:gunpowder":1,"minecraft:oak_log":5,"minecraft:mutton":6,"minecraft:brown_wool":1,"minecraft:cherry_planks":9,"minecraft:light_gray_wool":1,"minecraft:wooden_pickaxe":1,"minecraft:stone_pickaxe":1,"minecraft:white_wool":3,"minecraft:stick":2,"minecraft:flint":1}},"DataVersion":3465}