{"stats":{"minecraft:picked_up":{"minecraft:dirt":3,"alexsmobs:animal_dictionary":1},"minecraft:custom":{"minecraft:time_since_rest":2813,"minecraft:crouch_one_cm":298,"minecraft:sprint_one_cm":19948,"minecraft:play_time":12529,"minecraft:walk_one_cm":3551,"minecraft:damage_taken":290,"minecraft:deaths":1,"minecraft:sneak_time":177,"minecraft:walk_under_water_one_cm":460,"minecraft:drop":1,"minecraft:jump":260,"minecraft:leave_game":2,"minecraft:walk_on_water_one_cm":406,"minecraft:time_since_death":2785,"minecraft:total_world_time":12529,"minecraft:swim_one_cm":5340,"minecraft:fall_one_cm":11248,"minecraft:fly_one_cm":38093},"minecraft:used":{"minecraft:dirt":1,"alexsmobs:animal_dictionary":2},"minecraft:mined":{"minecraft:grass_block":2,"minecraft:dirt":1,"minecraft:oak_leaves":1},"minecraft:dropped":{"alexsmobs:animal_dictionary":1}},"DataVersion":3465}